store_id,item_id,model,MAE,RMSE,WAPE_percent
CA_1,HOBBIES_1_001,Last Value,0.8214285714285714,1.118033988749895,85.18518518518519
CA_1,HOBBIES_1_001,Seasonal Naive 28,1.1785714285714286,1.6146649364939023,122.22222222222223
CA_1,HOBBIES_1_001,28-Day Mean,0.8214285714285714,1.118033988749895,85.18518518518519
CA_1,HOBBIES_1_001,Weekday Mean,0.9464285714285714,1.2017472398850886,98.14814814814815
CA_1,HOBBIES_1_002,Last Value,0.9285714285714286,0.9636241116594315,1300.0
CA_1,HOBBIES_1_002,Seasonal Naive 28,0.39285714285714285,0.6267831705280087,550.0
CA_1,HOBBIES_1_002,28-Day Mean,0.34693877551020413,0.35892412932574613,485.7142857142858
CA_1,HOBBIES_1_002,Weekday Mean,0.29464285714285715,0.36596252735569995,412.5
CA_1,HOBBIES_1_003,Last Value,0.5714285714285714,0.8864052604279183,100.0
CA_1,HOBBIES_1_003,Seasonal Naive 28,0.8214285714285714,1.4516001023501126,143.75
CA_1,HOBBIES_1_003,28-Day Mean,0.6096938775510204,0.6785714285714286,106.69642857142858
CA_1,HOBBIES_1_003,Weekday Mean,0.5892857142857143,0.75,103.125
CA_1,HOBBIES_1_004,Last Value,4.25,4.57087050165033,233.33333333333334
CA_1,HOBBIES_1_004,Seasonal Naive 28,1.7857142857142858,2.2834810518779687,98.0392156862745
CA_1,HOBBIES_1_004,28-Day Mean,1.528061224489796,1.854049621773916,83.8935574229692
CA_1,HOBBIES_1_004,Weekday Mean,1.5357142857142858,1.8292025975427497,84.31372549019608
CA_1,HOBBIES_1_005,Last Value,1.3571428571428572,1.8516401995451028,100.0
CA_1,HOBBIES_1_005,Seasonal Naive 28,1.3928571428571428,1.8992479714726187,102.63157894736842
CA_1,HOBBIES_1_005,28-Day Mean,0.895408163265306,1.2842253283118004,65.97744360902254
CA_1,HOBBIES_1_005,Weekday Mean,1.0535714285714286,1.4134241603789208,77.63157894736842
CA_1,HOBBIES_1_006,Last Value,1.6785714285714286,1.7627089541790095,276.4705882352941
CA_1,HOBBIES_1_006,Seasonal Naive 28,1.4285714285714286,2.0354009783964297,235.29411764705884
CA_1,HOBBIES_1_006,28-Day Mean,1.0408163265306123,1.1904166651784969,171.42857142857144
CA_1,HOBBIES_1_006,Weekday Mean,1.0357142857142858,1.319496657279369,170.58823529411765
CA_1,HOBBIES_1_007,Last Value,0.39285714285714285,0.6813851438692469,100.0
CA_1,HOBBIES_1_007,Seasonal Naive 28,0.5357142857142857,0.823754471047914,136.36363636363635
CA_1,HOBBIES_1_007,28-Day Mean,0.5153061224489796,0.5578749768504754,131.16883116883116
CA_1,HOBBIES_1_007,Weekday Mean,0.5089285714285714,0.603190919787662,129.54545454545453
CA_1,HOBBIES_1_008,Last Value,8.142857142857142,13.065767704742257,100.0
CA_1,HOBBIES_1_008,Seasonal Naive 28,9.928571428571429,14.237776712474659,121.9298245614035
CA_1,HOBBIES_1_008,28-Day Mean,6.5153061224489806,10.669669007738426,80.01253132832082
CA_1,HOBBIES_1_008,Weekday Mean,7.705357142857143,10.29259442511945,94.62719298245614
CA_1,HOBBIES_1_009,Last Value,0.8928571428571429,1.9548474547720014,100.0
CA_1,HOBBIES_1_009,Seasonal Naive 28,1.2142857142857142,2.29906813420444,136.0
CA_1,HOBBIES_1_009,28-Day Mean,0.9846938775510206,1.8305095755342145,110.28571428571429
CA_1,HOBBIES_1_009,Weekday Mean,0.9910714285714286,1.9690688517309756,111.00000000000001
CA_1,HOBBIES_1_010,Last Value,0.6785714285714286,1.0856202966836188,100.0
CA_1,HOBBIES_1_010,Seasonal Naive 28,0.7857142857142857,1.224744871391589,115.78947368421053
CA_1,HOBBIES_1_010,28-Day Mean,0.7066326530612245,0.8942845732534939,104.13533834586465
CA_1,HOBBIES_1_010,Weekday Mean,0.6964285714285714,0.8724452500218649,102.63157894736842
CA_1,HOBBIES_1_011,Last Value,0.03571428571428571,0.1889822365046136,100.0
CA_1,HOBBIES_1_011,Seasonal Naive 28,0.10714285714285714,0.32732683535398854,300.0
CA_1,HOBBIES_1_011,28-Day Mean,0.16836734693877556,0.2142857142857143,471.42857142857156
CA_1,HOBBIES_1_011,Weekday Mean,0.16071428571428573,0.22160131510697959,450.0
CA_1,HOBBIES_1_012,Last Value,0.17857142857142858,0.4225771273642583,100.0
CA_1,HOBBIES_1_012,Seasonal Naive 28,0.32142857142857145,0.5669467095138409,180.0
CA_1,HOBBIES_1_012,28-Day Mean,0.27040816326530615,0.38465462908103604,151.42857142857144
CA_1,HOBBIES_1_012,Weekday Mean,0.30357142857142855,0.4406772385447524,170.0
CA_1,HOBBIES_1_013,Last Value,0.5,0.8451542547285166,100.0
CA_1,HOBBIES_1_013,Seasonal Naive 28,0.6071428571428571,0.9063269671749657,121.42857142857142
CA_1,HOBBIES_1_013,28-Day Mean,0.5688775510204082,0.7043958186898579,113.77551020408163
CA_1,HOBBIES_1_013,Weekday Mean,0.5625,0.7440238091428449,112.5
CA_1,HOBBIES_1_014,Last Value,2.5714285714285716,2.8284271247461903,171.42857142857142
CA_1,HOBBIES_1_014,Seasonal Naive 28,1.5714285714285714,2.1712405933672376,104.76190476190477
CA_1,HOBBIES_1_014,28-Day Mean,1.2244897959183676,1.4708043058552858,81.6326530612245
CA_1,HOBBIES_1_014,Weekday Mean,1.1785714285714286,1.4607972383012544,78.57142857142857
CA_1,HOBBIES_1_015,Last Value,2.0357142857142856,2.6659225152173605,72.15189873417721
CA_1,HOBBIES_1_015,Seasonal Naive 28,3.25,4.288689443508021,115.18987341772151
CA_1,HOBBIES_1_015,28-Day Mean,2.239795918367347,2.7636488745933003,79.38517179023509
CA_1,HOBBIES_1_015,Weekday Mean,2.3660714285714284,2.9828378146609698,83.86075949367088
CA_1,HOBBIES_1_016,Last Value,3.607142857142857,6.287743179051947,59.76331360946746
CA_1,HOBBIES_1_016,Seasonal Naive 28,5.428571428571429,8.52726718909908,89.94082840236686
CA_1,HOBBIES_1_016,28-Day Mean,3.607142857142857,6.2937246037426124,59.76331360946746
CA_1,HOBBIES_1_016,Weekday Mean,4.142857142857143,6.85288651382967,68.63905325443787
CA_1,HOBBIES_1_017,Last Value,1.3928571428571428,2.2280677086403173,100.0
CA_1,HOBBIES_1_017,Seasonal Naive 28,1.4285714285714286,2.104417123236605,102.56410256410255
CA_1,HOBBIES_1_017,28-Day Mean,1.329081632653061,1.8094846486990575,95.4212454212454
CA_1,HOBBIES_1_017,Weekday Mean,1.3571428571428572,1.8224786888818678,97.43589743589743
CA_1,HOBBIES_1_018,Last Value,0.0,0.0,
CA_1,HOBBIES_1_018,Seasonal Naive 28,0.0,0.0,
CA_1,HOBBIES_1_018,28-Day Mean,0.0,0.0,
CA_1,HOBBIES_1_018,Weekday Mean,0.0,0.0,
CA_1,HOBBIES_1_019,Last Value,10.214285714285714,13.554124306434765,100.0
CA_1,HOBBIES_1_019,Seasonal Naive 28,10.964285714285714,14.206386893627407,107.34265734265733
CA_1,HOBBIES_1_019,28-Day Mean,6.239795918367347,9.933773046470083,61.08891108891108
CA_1,HOBBIES_1_019,Weekday Mean,7.125,11.057479692174756,69.75524475524476
CA_1,HOBBIES_1_020,Last Value,0.21428571428571427,0.4629100498862757,100.0
CA_1,HOBBIES_1_020,Seasonal Naive 28,0.25,0.5,116.66666666666667
CA_1,HOBBIES_1_020,28-Day Mean,0.35714285714285715,0.411877235523957,166.66666666666669
CA_1,HOBBIES_1_020,Weekday Mean,0.3392857142857143,0.4091585441924857,158.33333333333331
CA_1,HOBBIES_1_021,Last Value,0.8571428571428571,0.9636241116594315,200.0
CA_1,HOBBIES_1_021,Seasonal Naive 28,0.8571428571428571,1.5811388300841898,200.0
CA_1,HOBBIES_1_021,28-Day Mean,0.6734693877551022,0.7889543583705186,157.1428571428572
CA_1,HOBBIES_1_021,Weekday Mean,0.7857142857142857,0.9413610966498,183.33333333333331
CA_1,HOBBIES_1_022,Last Value,0.4642857142857143,0.8660254037844386,100.0
CA_1,HOBBIES_1_022,Seasonal Naive 28,0.6785714285714286,0.9819805060619657,146.15384615384613
CA_1,HOBBIES_1_022,28-Day Mean,0.5663265306122449,0.7388628880563285,121.97802197802199
CA_1,HOBBIES_1_022,Weekday Mean,0.6160714285714286,0.8608550566567107,132.69230769230768
CA_1,HOBBIES_1_023,Last Value,1.8928571428571428,2.1630005613895316,135.8974358974359
CA_1,HOBBIES_1_023,Seasonal Naive 28,1.1071428571428572,1.5698043554168508,79.48717948717949
CA_1,HOBBIES_1_023,28-Day Mean,1.1479591836734693,1.543584484641022,82.41758241758241
CA_1,HOBBIES_1_023,Weekday Mean,1.0,1.4469796128487782,71.7948717948718
CA_1,HOBBIES_1_024,Last Value,0.10714285714285714,0.4225771273642583,100.0
CA_1,HOBBIES_1_024,Seasonal Naive 28,0.17857142857142858,0.5,166.66666666666669
CA_1,HOBBIES_1_024,28-Day Mean,0.16836734693877548,0.41032590332414487,157.1428571428571
CA_1,HOBBIES_1_024,Weekday Mean,0.2767857142857143,0.45069390943299864,258.33333333333337
CA_1,HOBBIES_1_025,Last Value,0.7142857142857143,0.8451542547285166,111.11111111111111
CA_1,HOBBIES_1_025,Seasonal Naive 28,0.8214285714285714,1.0856202966836188,127.77777777777777
CA_1,HOBBIES_1_025,28-Day Mean,0.6811224489795921,0.773443136703847,105.95238095238098
CA_1,HOBBIES_1_025,Weekday Mean,0.7053571428571429,0.7933878532686808,109.72222222222223
CA_1,HOBBIES_1_026,Last Value,0.75,0.8660254037844386,300.0
CA_1,HOBBIES_1_026,Seasonal Naive 28,0.32142857142857145,0.5669467095138409,128.57142857142858
CA_1,HOBBIES_1_026,28-Day Mean,0.3571428571428571,0.4344830378784443,142.85714285714283
CA_1,HOBBIES_1_026,Weekday Mean,0.3482142857142857,0.4531634835874829,139.28571428571428
CA_1,HOBBIES_1_027,Last Value,0.35714285714285715,0.7071067811865476,100.0
CA_1,HOBBIES_1_027,Seasonal Naive 28,0.39285714285714285,0.6813851438692469,110.00000000000001
CA_1,HOBBIES_1_027,28-Day Mean,0.5561224489795917,0.6196196990320526,155.71428571428567
CA_1,HOBBIES_1_027,Weekday Mean,0.6071428571428571,0.6862813875205585,170.0
CA_1,HOBBIES_1_028,Last Value,1.3214285714285714,1.4516001023501126,194.73684210526315
CA_1,HOBBIES_1_028,Seasonal Naive 28,0.6785714285714286,0.8660254037844386,100.0
CA_1,HOBBIES_1_028,28-Day Mean,0.5255102040816327,0.6018678409411683,77.4436090225564
CA_1,HOBBIES_1_028,Weekday Mean,0.5892857142857143,0.7055266523263718,86.8421052631579
CA_1,HOBBIES_1_029,Last Value,2.5,2.878491668515698,152.17391304347828
CA_1,HOBBIES_1_029,Seasonal Naive 28,1.3571428571428572,1.8126539343499315,82.6086956521739
CA_1,HOBBIES_1_029,28-Day Mean,1.4591836734693877,1.6536909861128892,88.81987577639751
CA_1,HOBBIES_1_029,Weekday Mean,1.3839285714285714,1.648863244784115,84.23913043478261
CA_1,HOBBIES_1_030,Last Value,15.142857142857142,16.61324772583615,246.51162790697674
CA_1,HOBBIES_1_030,Seasonal Naive 28,6.678571428571429,9.159304402783933,108.72093023255813
CA_1,HOBBIES_1_030,28-Day Mean,6.290816326530613,7.458815493858832,102.40863787375416
CA_1,HOBBIES_1_030,Weekday Mean,6.544642857142857,7.7707096568735965,106.54069767441861
CA_1,HOBBIES_1_031,Last Value,0.25,0.5,100.0
CA_1,HOBBIES_1_031,Seasonal Naive 28,0.5357142857142857,0.823754471047914,214.28571428571428
CA_1,HOBBIES_1_031,28-Day Mean,0.4642857142857143,0.46838846602157147,185.71428571428572
CA_1,HOBBIES_1_031,Weekday Mean,0.5,0.5448623679425842,200.0
CA_1,HOBBIES_1_032,Last Value,2.892857142857143,4.523746866734004,100.0
CA_1,HOBBIES_1_032,Seasonal Naive 28,5.142857142857143,8.154753215150045,177.77777777777777
CA_1,HOBBIES_1_032,28-Day Mean,3.0918367346938775,3.618793067488955,106.87830687830689
CA_1,HOBBIES_1_032,Weekday Mean,3.580357142857143,4.622586242724799,123.76543209876543
CA_1,HOBBIES_1_033,Last Value,0.17857142857142858,0.4225771273642583,100.0
CA_1,HOBBIES_1_033,Seasonal Naive 28,0.5357142857142857,0.944911182523068,300.0
CA_1,HOBBIES_1_033,28-Day Mean,0.5459183673469388,0.5486532677049006,305.71428571428567
CA_1,HOBBIES_1_033,Weekday Mean,0.41964285714285715,0.479490056503484,235.0
CA_1,HOBBIES_1_034,Last Value,0.5714285714285714,0.9636241116594315,100.0
CA_1,HOBBIES_1_034,Seasonal Naive 28,0.8928571428571429,1.2955969390869324,156.25
CA_1,HOBBIES_1_034,28-Day Mean,0.7168367346938773,0.7832754356950468,125.44642857142854
CA_1,HOBBIES_1_034,Weekday Mean,0.8125,0.9554823015479819,142.1875
CA_1,HOBBIES_1_035,Last Value,0.25,0.5,100.0
CA_1,HOBBIES_1_035,Seasonal Naive 28,0.2857142857142857,0.5345224838248488,114.28571428571428
CA_1,HOBBIES_1_035,28-Day Mean,0.26785714285714285,0.48313390208816726,107.14285714285714
CA_1,HOBBIES_1_035,Weekday Mean,0.30357142857142855,0.5110388579019352,121.42857142857142
CA_1,HOBBIES_1_036,Last Value,1.0,1.9456912102680337,100.0
CA_1,HOBBIES_1_036,Seasonal Naive 28,0.9642857142857143,1.5698043554168508,96.42857142857143
CA_1,HOBBIES_1_036,28-Day Mean,1.1734693877551021,1.7146576977368293,117.34693877551021
CA_1,HOBBIES_1_036,Weekday Mean,1.2767857142857142,1.7384825074102495,127.67857142857142
CA_1,HOBBIES_1_037,Last Value,0.6071428571428571,0.823754471047914,89.47368421052632
CA_1,HOBBIES_1_037,Seasonal Naive 28,0.7857142857142857,1.0690449676496976,115.78947368421053
CA_1,HOBBIES_1_037,28-Day Mean,0.625,0.7618117502750551,92.10526315789474
CA_1,HOBBIES_1_037,Weekday Mean,0.5892857142857143,0.7849021777084254,86.8421052631579
CA_1,HOBBIES_1_038,Last Value,0.5714285714285714,1.1019463300386794,100.0
CA_1,HOBBIES_1_038,Seasonal Naive 28,0.7857142857142857,1.1019463300386794,137.5
CA_1,HOBBIES_1_038,28-Day Mean,0.6938775510204083,0.9529760045804525,121.42857142857144
CA_1,HOBBIES_1_038,Weekday Mean,0.6339285714285714,0.9294295485480789,110.9375
CA_1,HOBBIES_1_039,Last Value,0.17857142857142858,0.4225771273642583,100.0
CA_1,HOBBIES_1_039,Seasonal Naive 28,0.35714285714285715,0.6546536707079771,200.0
CA_1,HOBBIES_1_039,28-Day Mean,0.29336734693877553,0.3829930462415574,164.2857142857143
CA_1,HOBBIES_1_039,Weekday Mean,0.32142857142857145,0.43042752832835535,180.0
CA_1,HOBBIES_1_040,Last Value,1.0,1.4638501094227998,100.0
CA_1,HOBBIES_1_040,Seasonal Naive 28,0.8571428571428571,1.224744871391589,85.71428571428571
CA_1,HOBBIES_1_040,28-Day Mean,0.8877551020408162,1.0903098230338393,88.77551020408163
CA_1,HOBBIES_1_040,Weekday Mean,0.9196428571428571,1.0436885140144612,91.96428571428571
CA_1,HOBBIES_1_041,Last Value,0.9285714285714286,0.9636241116594315,433.3333333333333
CA_1,HOBBIES_1_041,Seasonal Naive 28,0.4642857142857143,0.823754471047914,216.66666666666666
CA_1,HOBBIES_1_041,28-Day Mean,0.44387755102040816,0.5680704900209594,207.14285714285717
CA_1,HOBBIES_1_041,Weekday Mean,0.4642857142857143,0.6196196990320526,216.66666666666666
CA_1,HOBBIES_1_042,Last Value,0.5714285714285714,1.0350983390135313,100.0
CA_1,HOBBIES_1_042,Seasonal Naive 28,0.6428571428571429,1.1019463300386794,112.5
CA_1,HOBBIES_1_042,28-Day Mean,0.6326530612244896,0.8748177652797064,110.71428571428568
CA_1,HOBBIES_1_042,Weekday Mean,0.7053571428571429,0.9342204542520235,123.4375
CA_1,HOBBIES_1_043,Last Value,1.6428571428571428,2.7386127875258306,100.0
CA_1,HOBBIES_1_043,Seasonal Naive 28,1.9642857142857142,2.921594476602509,119.56521739130434
CA_1,HOBBIES_1_043,28-Day Mean,2.0663265306122445,2.2937915319044877,125.77639751552793
CA_1,HOBBIES_1_043,Weekday Mean,2.375,2.7398351097413562,144.56521739130434
CA_1,HOBBIES_1_044,Last Value,0.5,1.2817398889233114,100.0
CA_1,HOBBIES_1_044,Seasonal Naive 28,0.75,1.3758114488755873,150.0
CA_1,HOBBIES_1_044,28-Day Mean,0.6377551020408163,1.1936267833620289,127.55102040816327
CA_1,HOBBIES_1_044,Weekday Mean,0.6785714285714286,1.1952286093343936,135.71428571428572
CA_1,HOBBIES_1_045,Last Value,0.25,0.6267831705280087,100.0
CA_1,HOBBIES_1_045,Seasonal Naive 28,0.42857142857142855,0.7071067811865476,171.42857142857142
CA_1,HOBBIES_1_045,28-Day Mean,0.45663265306122447,0.5791883835795305,182.6530612244898
CA_1,HOBBIES_1_045,Weekday Mean,0.5803571428571429,0.7133922984085064,232.14285714285717
CA_1,HOBBIES_1_046,Last Value,0.9642857142857143,1.267731382092775,100.0
CA_1,HOBBIES_1_046,Seasonal Naive 28,1.1071428571428572,1.3228756555322954,114.81481481481481
CA_1,HOBBIES_1_046,28-Day Mean,0.7142857142857143,0.8601138984851638,74.07407407407408
CA_1,HOBBIES_1_046,Weekday Mean,0.7410714285714286,0.9026251397214365,76.85185185185185
CA_1,HOBBIES_1_047,Last Value,1.1428571428571428,2.591193878173865,100.0
CA_1,HOBBIES_1_047,Seasonal Naive 28,1.0357142857142858,2.3679406363215394,90.625
CA_1,HOBBIES_1_047,28-Day Mean,1.158163265306122,2.545754769599534,101.33928571428568
CA_1,HOBBIES_1_047,Weekday Mean,1.1696428571428572,2.457677475062294,102.34375
CA_1,HOBBIES_1_048,Last Value,9.714285714285714,15.01903554065402,61.81818181818181
CA_1,HOBBIES_1_048,Seasonal Naive 28,11.107142857142858,14.490144433865582,70.68181818181817
CA_1,HOBBIES_1_048,28-Day Mean,9.329081632653061,12.887711676046216,59.366883116883116
CA_1,HOBBIES_1_048,Weekday Mean,9.25,12.284572206052365,58.86363636363636
CA_1,HOBBIES_1_049,Last Value,0.4642857142857143,0.823754471047914,100.0
CA_1,HOBBIES_1_049,Seasonal Naive 28,0.6071428571428571,0.9063269671749657,130.76923076923077
CA_1,HOBBIES_1_049,28-Day Mean,0.5714285714285714,0.6813851438692469,123.07692307692308
CA_1,HOBBIES_1_049,Weekday Mean,0.7053571428571429,0.8647357152002322,151.9230769230769
CA_1,HOBBIES_1_050,Last Value,1.5,2.0354009783964297,70.0
CA_1,HOBBIES_1_050,Seasonal Naive 28,1.6071428571428572,2.306822180279306,75.0
CA_1,HOBBIES_1_050,28-Day Mean,1.5000000000000004,2.1644742963573944,70.00000000000003
CA_1,HOBBIES_1_050,Weekday Mean,1.4107142857142858,2.0238532908432725,65.83333333333333
CA_1,HOBBIES_1_051,Last Value,0.17857142857142858,0.4225771273642583,100.0
CA_1,HOBBIES_1_051,Seasonal Naive 28,0.39285714285714285,0.6813851438692469,220.00000000000003
CA_1,HOBBIES_1_051,28-Day Mean,0.3163265306122448,0.38465462908103604,177.14285714285708
CA_1,HOBBIES_1_051,Weekday Mean,0.35714285714285715,0.4406772385447524,200.0
CA_1,HOBBIES_1_052,Last Value,0.21428571428571427,0.4629100498862757,100.0
CA_1,HOBBIES_1_052,Seasonal Naive 28,0.21428571428571427,0.4629100498862757,100.0
CA_1,HOBBIES_1_052,28-Day Mean,0.25510204081632654,0.4344830378784442,119.04761904761905
CA_1,HOBBIES_1_052,Weekday Mean,0.24107142857142858,0.4278267339539621,112.5
CA_1,HOBBIES_1_053,Last Value,0.21428571428571427,1.1338934190276817,100.0
CA_1,HOBBIES_1_053,Seasonal Naive 28,0.2857142857142857,1.164964745021435,133.33333333333331
CA_1,HOBBIES_1_053,28-Day Mean,0.28061224489795916,1.1225881175358363,130.95238095238096
CA_1,HOBBIES_1_053,Weekday Mean,0.2857142857142857,1.1397838140880676,133.33333333333331
CA_1,HOBBIES_1_054,Last Value,0.9285714285714286,0.9636241116594315,1300.0
CA_1,HOBBIES_1_054,Seasonal Naive 28,0.35714285714285715,0.6546536707079771,500.0
CA_1,HOBBIES_1_054,28-Day Mean,0.3775510204081633,0.384654629081036,528.5714285714287
CA_1,HOBBIES_1_054,Weekday Mean,0.4017857142857143,0.4932581184618976,562.5
CA_1,HOBBIES_1_055,Last Value,1.1785714285714286,1.7828548534783835,52.38095238095239
CA_1,HOBBIES_1_055,Seasonal Naive 28,1.5357142857142858,2.5424959615082408,68.25396825396825
CA_1,HOBBIES_1_055,28-Day Mean,1.2704081632653064,1.7656010134726106,56.462585034013614
CA_1,HOBBIES_1_055,Weekday Mean,1.375,1.9888079703322648,61.111111111111114
CA_1,HOBBIES_1_056,Last Value,1.3928571428571428,1.9910514092523364,100.0
CA_1,HOBBIES_1_056,Seasonal Naive 28,1.4285714285714286,1.9639610121239315,102.56410256410255
CA_1,HOBBIES_1_056,28-Day Mean,1.1198979591836733,1.4227560205030065,80.4029304029304
CA_1,HOBBIES_1_056,Weekday Mean,1.3214285714285714,1.6909686573085854,94.87179487179486
CA_1,HOBBIES_1_057,Last Value,0.6428571428571429,0.9258200997725514,100.0
CA_1,HOBBIES_1_057,Seasonal Naive 28,0.7142857142857143,0.9636241116594315,111.11111111111111
CA_1,HOBBIES_1_057,28-Day Mean,0.6071428571428571,0.6813851438692469,94.44444444444444
CA_1,HOBBIES_1_057,Weekday Mean,0.5803571428571429,0.708683386892301,90.27777777777779
CA_1,HOBBIES_1_058,Last Value,0.35714285714285715,0.8017837257372732,100.0
CA_1,HOBBIES_1_058,Seasonal Naive 28,0.7142857142857143,1.164964745021435,200.0
CA_1,HOBBIES_1_058,28-Day Mean,0.5714285714285714,0.7213932098830056,160.0
CA_1,HOBBIES_1_058,Weekday Mean,0.5178571428571429,0.7288689868556626,145.0
CA_1,HOBBIES_1_060,Last Value,0.39285714285714285,0.8660254037844386,100.0
CA_1,HOBBIES_1_060,Seasonal Naive 28,0.6785714285714286,1.0856202966836188,172.72727272727272
CA_1,HOBBIES_1_060,28-Day Mean,0.5714285714285714,0.7726181304565691,145.45454545454547
CA_1,HOBBIES_1_060,Weekday Mean,0.7053571428571429,0.9354143466934853,179.54545454545453
CA_1,HOBBIES_1_061,Last Value,0.07142857142857142,0.2672612419124244,100.0
CA_1,HOBBIES_1_061,Seasonal Naive 28,0.10714285714285714,0.32732683535398854,150.0
CA_1,HOBBIES_1_061,28-Day Mean,0.1632653061224489,0.2600039246171614,228.57142857142847
CA_1,HOBBIES_1_061,Weekday Mean,0.13392857142857142,0.2672612419124244,187.5
CA_1,HOBBIES_1_062,Last Value,0.17857142857142858,0.5,100.0
CA_1,HOBBIES_1_062,Seasonal Naive 28,0.14285714285714285,0.4629100498862757,80.0
CA_1,HOBBIES_1_062,28-Day Mean,0.2040816326530612,0.4883855118277622,114.28571428571428
CA_1,HOBBIES_1_062,Weekday Mean,0.23214285714285715,0.504444531850912,130.0
CA_1,HOBBIES_1_063,Last Value,0.14285714285714285,0.3779644730092272,100.0
CA_1,HOBBIES_1_063,Seasonal Naive 28,0.32142857142857145,0.5669467095138409,225.0
CA_1,HOBBIES_1_063,28-Day Mean,0.2704081632653062,0.35174492149271797,189.28571428571433
CA_1,HOBBIES_1_063,Weekday Mean,0.2767857142857143,0.3779644730092272,193.75
CA_1,HOBBIES_1_064,Last Value,1.3571428571428572,1.625686668105863,70.37037037037037
CA_1,HOBBIES_1_064,Seasonal Naive 28,1.3571428571428572,1.647508942095828,70.37037037037037
CA_1,HOBBIES_1_064,28-Day Mean,1.4489795918367345,1.662920960974688,75.13227513227513
CA_1,HOBBIES_1_064,Weekday Mean,1.4821428571428572,1.701496190331993,76.85185185185185
CA_1,HOBBIES_1_065,Last Value,0.07142857142857142,0.2672612419124244,100.0
CA_1,HOBBIES_1_065,Seasonal Naive 28,0.14285714285714285,0.3779644730092272,200.0
CA_1,HOBBIES_1_065,28-Day Mean,0.1326530612244898,0.25753937681885636,185.71428571428575
CA_1,HOBBIES_1_065,Weekday Mean,0.11607142857142858,0.2714050741709047,162.5
CA_1,HOBBIES_1_066,Last Value,0.6071428571428571,1.5,100.0
CA_1,HOBBIES_1_066,Seasonal Naive 28,1.2142857142857142,2.220038609702865,200.0
CA_1,HOBBIES_1_066,28-Day Mean,1.0892857142857142,1.417366773784602,179.41176470588235
CA_1,HOBBIES_1_066,Weekday Mean,1.1517857142857142,1.466135591079001,189.70588235294116
CA_1,HOBBIES_1_067,Last Value,3.4285714285714284,5.612486080160912,100.0
CA_1,HOBBIES_1_067,Seasonal Naive 28,3.607142857142857,5.704008615501408,105.20833333333333
CA_1,HOBBIES_1_067,28-Day Mean,2.933673469387755,4.656710102593014,85.56547619047619
CA_1,HOBBIES_1_067,Weekday Mean,3.044642857142857,4.574043615882997,88.80208333333334
CA_1,HOBBIES_1_068,Last Value,0.6428571428571429,1.0690449676496976,100.0
CA_1,HOBBIES_1_068,Seasonal Naive 28,1.1428571428571428,1.625686668105863,177.77777777777777
CA_1,HOBBIES_1_068,28-Day Mean,0.7857142857142857,0.9258200997725514,122.22222222222223
CA_1,HOBBIES_1_068,Weekday Mean,0.8571428571428571,1.0055648732357918,133.33333333333331
CA_1,HOBBIES_1_069,Last Value,0.25,0.5669467095138409,100.0
CA_1,HOBBIES_1_069,Seasonal Naive 28,0.6071428571428571,0.944911182523068,242.85714285714283
CA_1,HOBBIES_1_069,28-Day Mean,0.6173469387755102,0.6428571428571429,246.93877551020407
CA_1,HOBBIES_1_069,Weekday Mean,0.5535714285714286,0.6580544918817243,221.42857142857144
CA_1,HOBBIES_1_070,Last Value,0.10714285714285714,0.32732683535398854,100.0
CA_1,HOBBIES_1_070,Seasonal Naive 28,0.10714285714285714,0.32732683535398854,100.0
CA_1,HOBBIES_1_070,28-Day Mean,0.10714285714285714,0.32732683535398854,100.0
CA_1,HOBBIES_1_070,Weekday Mean,0.125,0.33071891388307384,116.66666666666667
CA_1,HOBBIES_1_072,Last Value,0.8928571428571429,1.3228756555322954,100.0
CA_1,HOBBIES_1_072,Seasonal Naive 28,1.0714285714285714,1.535298947157477,120.0
CA_1,HOBBIES_1_072,28-Day Mean,0.7959183673469384,0.999362041402373,89.14285714285711
CA_1,HOBBIES_1_072,Weekday Mean,0.7232142857142857,0.8621505503266651,81.0
CA_1,HOBBIES_1_073,Last Value,0.5,0.8451542547285166,100.0
CA_1,HOBBIES_1_073,Seasonal Naive 28,0.75,1.0522085616183026,150.0
CA_1,HOBBIES_1_073,28-Day Mean,0.6147959183673469,0.6823204705193858,122.95918367346938
CA_1,HOBBIES_1_073,Weekday Mean,0.5535714285714286,0.6813851438692469,110.71428571428572
CA_1,HOBBIES_1_074,Last Value,0.8928571428571429,1.3758114488755873,100.0
CA_1,HOBBIES_1_074,Seasonal Naive 28,1.3928571428571428,1.742330131092924,156.0
CA_1,HOBBIES_1_074,28-Day Mean,1.0459183673469388,1.1450871101343856,117.14285714285715
CA_1,HOBBIES_1_074,Weekday Mean,1.125,1.2947352183803011,126.0
CA_1,HOBBIES_1_075,Last Value,0.35714285714285715,0.8017837257372732,100.0
CA_1,HOBBIES_1_075,Seasonal Naive 28,0.6785714285714286,0.9819805060619657,190.0
CA_1,HOBBIES_1_075,28-Day Mean,0.5892857142857144,0.7258000511750563,165.00000000000003
CA_1,HOBBIES_1_075,Weekday Mean,0.5625,0.7180703308172536,157.5
CA_1,HOBBIES_1_076,Last Value,2.25,2.4275207811380612,300.0
CA_1,HOBBIES_1_076,Seasonal Naive 28,1.0,1.439245834257849,133.33333333333331
CA_1,HOBBIES_1_076,28-Day Mean,0.75,0.9360958872915112,100.0
CA_1,HOBBIES_1_076,Weekday Mean,0.9107142857142857,1.159202311936963,121.42857142857142
CA_1,HOBBIES_1_077,Last Value,0.6071428571428571,1.0177004891982149,100.0
CA_1,HOBBIES_1_077,Seasonal Naive 28,0.7142857142857143,1.1019463300386794,117.64705882352942
CA_1,HOBBIES_1_077,28-Day Mean,0.6632653061224489,0.8443993155383493,109.24369747899159
CA_1,HOBBIES_1_077,Weekday Mean,0.6785714285714286,0.8504200642707612,111.76470588235294
CA_1,HOBBIES_1_078,Last Value,1.6428571428571428,2.449489742783178,100.0
CA_1,HOBBIES_1_078,Seasonal Naive 28,1.9285714285714286,2.390457218668787,117.3913043478261
CA_1,HOBBIES_1_078,28-Day Mean,1.3979591836734693,1.8294640678379568,85.09316770186335
CA_1,HOBBIES_1_078,Weekday Mean,1.4285714285714286,1.8261493445420691,86.95652173913044
CA_1,HOBBIES_1_079,Last Value,0.5714285714285714,0.9258200997725514,100.0
CA_1,HOBBIES_1_079,Seasonal Naive 28,1.0714285714285714,1.2817398889233114,187.5
CA_1,HOBBIES_1_079,28-Day Mean,0.6938775510204082,0.7824607964359516,121.42857142857142
CA_1,HOBBIES_1_079,Weekday Mean,0.8035714285714286,0.9366067172816683,140.625
CA_1,HOBBIES_1_080,Last Value,0.7857142857142857,2.659215781283755,100.0
CA_1,HOBBIES_1_080,Seasonal Naive 28,1.75,3.053101467594644,222.72727272727272
CA_1,HOBBIES_1_080,28-Day Mean,1.584183673469388,2.5607416814633357,201.62337662337663
CA_1,HOBBIES_1_080,Weekday Mean,1.8660714285714286,2.7882886456442364,237.5
CA_1,HOBBIES_1_081,Last Value,0.8214285714285714,1.118033988749895,100.0
CA_1,HOBBIES_1_081,Seasonal Naive 28,0.7142857142857143,1.0,86.95652173913044
CA_1,HOBBIES_1_081,28-Day Mean,0.7066326530612246,0.8104861227078727,86.0248447204969
CA_1,HOBBIES_1_081,Weekday Mean,0.6428571428571429,0.7791937224739796,78.26086956521739
CA_1,HOBBIES_1_082,Last Value,0.10714285714285714,0.32732683535398854,100.0
CA_1,HOBBIES_1_082,Seasonal Naive 28,0.25,0.5,233.33333333333334
CA_1,HOBBIES_1_082,28-Day Mean,0.21938775510204084,0.31134992453861954,204.7619047619048
CA_1,HOBBIES_1_082,Weekday Mean,0.24107142857142858,0.3566961492042532,225.0
CA_1,HOBBIES_1_083,Last Value,0.8214285714285714,1.14953406710222,100.0
CA_1,HOBBIES_1_083,Seasonal Naive 28,0.8928571428571429,1.2100767390069582,108.69565217391303
CA_1,HOBBIES_1_083,28-Day Mean,0.6683673469387754,0.8112726208286104,81.36645962732918
CA_1,HOBBIES_1_083,Weekday Mean,0.6964285714285714,0.8621505503266651,84.78260869565217
CA_1,HOBBIES_1_084,Last Value,0.8214285714285714,1.0522085616183026,58.97435897435898
CA_1,HOBBIES_1_084,Seasonal Naive 28,1.2142857142857142,1.439245834257849,87.17948717948718
CA_1,HOBBIES_1_084,28-Day Mean,0.6454081632653061,0.8856854834026604,46.336996336996336
CA_1,HOBBIES_1_084,Weekday Mean,0.9553571428571429,1.2109987023704267,68.58974358974359
CA_1,HOBBIES_1_085,Last Value,1.0714285714285714,1.535298947157477,68.18181818181817
CA_1,HOBBIES_1_085,Seasonal Naive 28,1.4642857142857142,1.8419709940325182,93.18181818181817
CA_1,HOBBIES_1_085,28-Day Mean,1.0892857142857142,1.4607972383012544,69.31818181818183
CA_1,HOBBIES_1_085,Weekday Mean,0.9464285714285714,1.3838997692855401,60.22727272727273
CA_1,HOBBIES_1_086,Last Value,1.8571428571428572,2.138089935299395,162.5
CA_1,HOBBIES_1_086,Seasonal Naive 28,1.0714285714285714,1.439245834257849,93.75
CA_1,HOBBIES_1_086,28-Day Mean,0.9387755102040816,1.0690449676496976,82.14285714285714
CA_1,HOBBIES_1_086,Weekday Mean,0.9910714285714286,1.1678352990530325,86.71875
CA_1,HOBBIES_1_087,Last Value,0.14285714285714285,0.4629100498862757,100.0
CA_1,HOBBIES_1_087,Seasonal Naive 28,0.14285714285714285,0.4629100498862757,100.0
CA_1,HOBBIES_1_087,28-Day Mean,0.14285714285714285,0.4629100498862757,100.0
CA_1,HOBBIES_1_087,Weekday Mean,0.14285714285714285,0.4629100498862757,100.0
CA_1,HOBBIES_1_088,Last Value,0.42857142857142855,1.2817398889233114,100.0
CA_1,HOBBIES_1_088,Seasonal Naive 28,0.6785714285714286,1.546886273407694,158.33333333333331
CA_1,HOBBIES_1_088,28-Day Mean,0.6071428571428571,1.2210943569484827,141.66666666666669
CA_1,HOBBIES_1_088,Weekday Mean,0.5357142857142857,1.1942944719432833,125.0
CA_1,HOBBIES_1_089,Last Value,1.2857142857142858,1.5811388300841898,64.28571428571429
CA_1,HOBBIES_1_089,Seasonal Naive 28,1.25,1.880349511584026,62.5
CA_1,HOBBIES_1_089,28-Day Mean,1.3571428571428572,1.6007810593582121,67.85714285714286
CA_1,HOBBIES_1_089,Weekday Mean,1.2321428571428572,1.440795910996022,61.60714285714286
CA_1,HOBBIES_1_090,Last Value,5.214285714285714,9.207915849187279,100.0
CA_1,HOBBIES_1_090,Seasonal Naive 28,6.714285714285714,10.464224768228174,128.76712328767124
CA_1,HOBBIES_1_090,28-Day Mean,5.5612244897959195,7.616443007180758,106.65362035225053
CA_1,HOBBIES_1_090,Weekday Mean,5.955357142857143,8.100236989478413,114.21232876712328
CA_1,HOBBIES_1_091,Last Value,2.0,2.4201534780139164,100.0
CA_1,HOBBIES_1_091,Seasonal Naive 28,3.0,4.166190448976482,150.0
CA_1,HOBBIES_1_091,28-Day Mean,1.9693877551020407,2.4296216216707074,98.46938775510203
CA_1,HOBBIES_1_091,Weekday Mean,2.1875,2.9315098498896437,109.375
CA_1,HOBBIES_1_092,Last Value,0.9642857142857143,0.9819805060619657,2700.0
CA_1,HOBBIES_1_092,Seasonal Naive 28,0.10714285714285714,0.32732683535398854,300.0
CA_1,HOBBIES_1_092,28-Day Mean,0.10204081632653063,0.1889822365046136,285.7142857142858
CA_1,HOBBIES_1_092,Weekday Mean,0.11607142857142858,0.2059386177619785,325.0
CA_1,HOBBIES_1_093,Last Value,0.75,0.8660254037844386,300.0
CA_1,HOBBIES_1_093,Seasonal Naive 28,0.5,0.7071067811865476,200.0
CA_1,HOBBIES_1_093,28-Day Mean,0.4107142857142857,0.43886449026587526,164.28571428571428
CA_1,HOBBIES_1_093,Weekday Mean,0.4017857142857143,0.46770717334674267,160.71428571428572
CA_1,HOBBIES_1_094,Last Value,0.03571428571428571,0.1889822365046136,100.0
CA_1,HOBBIES_1_094,Seasonal Naive 28,0.5,1.1338934190276817,1400.0
CA_1,HOBBIES_1_094,28-Day Mean,0.4668367346938775,0.46702488680792925,1307.1428571428569
CA_1,HOBBIES_1_094,Weekday Mean,0.3482142857142857,0.4330127018922193,975.0
CA_1,HOBBIES_1_095,Last Value,0.0,0.0,
CA_1,HOBBIES_1_095,Seasonal Naive 28,0.0,0.0,
CA_1,HOBBIES_1_095,28-Day Mean,0.0,0.0,
CA_1,HOBBIES_1_095,Weekday Mean,0.0,0.0,
CA_1,HOBBIES_1_097,Last Value,0.25,0.5,100.0
CA_1,HOBBIES_1_097,Seasonal Naive 28,0.35714285714285715,0.5976143046671968,142.85714285714286
CA_1,HOBBIES_1_097,28-Day Mean,0.30357142857142866,0.4559694762429895,121.42857142857146
CA_1,HOBBIES_1_097,Weekday Mean,0.30357142857142855,0.3895968612369898,121.42857142857142
CA_1,HOBBIES_1_098,Last Value,0.5714285714285714,0.7559289460184544,80.0
CA_1,HOBBIES_1_098,Seasonal Naive 28,0.7857142857142857,1.1019463300386794,110.00000000000001
CA_1,HOBBIES_1_098,28-Day Mean,0.6224489795918368,0.703489842985436,87.14285714285715
CA_1,HOBBIES_1_098,Weekday Mean,0.6071428571428571,0.711826122428384,85.0
CA_1,HOBBIES_1_099,Last Value,1.3214285714285714,1.546886273407694,160.8695652173913
CA_1,HOBBIES_1_099,Seasonal Naive 28,1.1785714285714286,1.5236235005501102,143.47826086956522
CA_1,HOBBIES_1_099,28-Day Mean,0.8877551020408162,1.007623998547563,108.07453416149066
CA_1,HOBBIES_1_099,Weekday Mean,1.0,1.1563103266115768,121.73913043478262
CA_1,HOBBIES_1_100,Last Value,0.6785714285714286,0.9063269671749657,90.47619047619048
CA_1,HOBBIES_1_100,Seasonal Naive 28,0.8214285714285714,1.118033988749895,109.52380952380953
CA_1,HOBBIES_1_100,28-Day Mean,0.6938775510204083,0.8718968296952646,92.5170068027211
CA_1,HOBBIES_1_100,Weekday Mean,0.6607142857142857,0.8517314298365586,88.09523809523809
CA_1,HOBBIES_1_102,Last Value,0.10714285714285714,0.32732683535398854,100.0
CA_1,HOBBIES_1_102,Seasonal Naive 28,0.25,0.6267831705280087,233.33333333333334
CA_1,HOBBIES_1_102,28-Day Mean,0.2755102040816326,0.32732683535398854,257.1428571428571
CA_1,HOBBIES_1_102,Weekday Mean,0.25,0.36899961285306826,233.33333333333334
CA_1,HOBBIES_1_103,Last Value,2.357142857142857,3.0472470011002204,76.74418604651163
CA_1,HOBBIES_1_103,Seasonal Naive 28,3.0,4.399675312695569,97.67441860465115
CA_1,HOBBIES_1_103,28-Day Mean,2.4591836734693877,2.8749445424997297,80.06644518272425
CA_1,HOBBIES_1_103,Weekday Mean,2.6517857142857144,3.0571199097937165,86.33720930232558
CA_1,HOBBIES_1_104,Last Value,0.75,0.8660254037844386,233.33333333333334
CA_1,HOBBIES_1_104,Seasonal Naive 28,0.5357142857142857,0.7319250547113999,166.66666666666669
CA_1,HOBBIES_1_104,28-Day Mean,0.4744897959183674,0.539273888233625,147.61904761904762
CA_1,HOBBIES_1_104,Weekday Mean,0.4107142857142857,0.5132181379714255,127.77777777777777
CA_1,HOBBIES_1_105,Last Value,0.32142857142857145,0.7319250547113999,100.0
CA_1,HOBBIES_1_105,Seasonal Naive 28,0.5357142857142857,0.9819805060619657,166.66666666666669
CA_1,HOBBIES_1_105,28-Day Mean,0.48469387755102045,0.6585388898066348,150.7936507936508
CA_1,HOBBIES_1_105,Weekday Mean,0.5535714285714286,0.7588760486027063,172.22222222222223
CA_1,HOBBIES_1_106,Last Value,0.5714285714285714,1.1019463300386794,100.0
CA_1,HOBBIES_1_106,Seasonal Naive 28,0.9285714285714286,1.3627702877384937,162.5
CA_1,HOBBIES_1_106,28-Day Mean,0.75,0.944911182523068,131.25
CA_1,HOBBIES_1_106,Weekday Mean,0.7678571428571429,1.0794343756933866,134.375
CA_1,HOBBIES_1_107,Last Value,0.2857142857142857,0.5345224838248488,100.0
CA_1,HOBBIES_1_107,Seasonal Naive 28,0.35714285714285715,0.5976143046671968,125.0
CA_1,HOBBIES_1_107,28-Day Mean,0.4081632653061225,0.45175395145262565,142.8571428571429
CA_1,HOBBIES_1_107,Weekday Mean,0.3482142857142857,0.479490056503484,121.875
CA_1,HOBBIES_1_108,Last Value,2.2142857142857144,2.434865792722759,258.33333333333337
CA_1,HOBBIES_1_108,Seasonal Naive 28,1.1785714285714286,1.5236235005501102,137.5
CA_1,HOBBIES_1_108,28-Day Mean,0.9897959183673469,1.1828925115485138,115.47619047619048
CA_1,HOBBIES_1_108,Weekday Mean,0.9196428571428571,1.1338934190276817,107.29166666666667
CA_1,HOBBIES_1_109,Last Value,0.7857142857142857,1.0690449676496976,100.0
CA_1,HOBBIES_1_109,Seasonal Naive 28,0.6071428571428571,0.9063269671749657,77.27272727272727
CA_1,HOBBIES_1_109,28-Day Mean,0.7015306122448981,0.8245283129010855,89.2857142857143
CA_1,HOBBIES_1_109,Weekday Mean,0.7053571428571429,0.8318439070608654,89.77272727272727
CA_1,HOBBIES_1_110,Last Value,0.14285714285714285,0.4629100498862757,100.0
CA_1,HOBBIES_1_110,Seasonal Naive 28,0.25,0.5,175.0
CA_1,HOBBIES_1_110,28-Day Mean,0.28316326530612246,0.4417613170304636,198.21428571428572
CA_1,HOBBIES_1_110,Weekday Mean,0.2767857142857143,0.41992771486803027,193.75
CA_1,HOBBIES_1_111,Last Value,0.8214285714285714,0.944911182523068,209.0909090909091
CA_1,HOBBIES_1_111,Seasonal Naive 28,0.6071428571428571,1.0177004891982149,154.54545454545453
CA_1,HOBBIES_1_111,28-Day Mean,0.6071428571428571,0.7319250547113999,154.54545454545453
CA_1,HOBBIES_1_111,Weekday Mean,0.5982142857142857,0.7877408928611707,152.27272727272728
CA_1,HOBBIES_1_112,Last Value,0.10714285714285714,0.4225771273642583,100.0
CA_1,HOBBIES_1_112,Seasonal Naive 28,0.10714285714285714,0.4225771273642583,100.0
CA_1,HOBBIES_1_112,28-Day Mean,0.10714285714285714,0.4225771273642583,100.0
CA_1,HOBBIES_1_112,Weekday Mean,0.10714285714285714,0.4225771273642583,100.0
CA_1,HOBBIES_1_113,Last Value,0.17857142857142858,0.5,100.0
CA_1,HOBBIES_1_113,Seasonal Naive 28,0.25,0.5669467095138409,140.0
CA_1,HOBBIES_1_113,28-Day Mean,0.22959183673469385,0.4791574237499549,128.57142857142856
CA_1,HOBBIES_1_113,Weekday Mean,0.30357142857142855,0.5218442570072306,170.0
CA_1,HOBBIES_1_114,Last Value,0.07142857142857142,0.2672612419124244,100.0
CA_1,HOBBIES_1_114,Seasonal Naive 28,0.32142857142857145,0.5669467095138409,450.0
CA_1,HOBBIES_1_114,28-Day Mean,0.2857142857142857,0.31339158526400435,400.0
CA_1,HOBBIES_1_114,Weekday Mean,0.21428571428571427,0.30251918475173956,300.0
CA_1,HOBBIES_1_115,Last Value,0.42857142857142855,1.0,100.0
CA_1,HOBBIES_1_115,Seasonal Naive 28,1.0,1.6690459207925603,233.33333333333334
CA_1,HOBBIES_1_115,28-Day Mean,0.8214285714285713,0.9715336077668174,191.66666666666663
CA_1,HOBBIES_1_115,Weekday Mean,0.7767857142857143,1.026436275942851,181.25
CA_1,HOBBIES_1_116,Last Value,0.8928571428571429,1.2955969390869324,100.0
CA_1,HOBBIES_1_116,Seasonal Naive 28,0.9285714285714286,1.1952286093343936,104.0
CA_1,HOBBIES_1_116,28-Day Mean,0.816326530612245,1.0044543650303739,91.42857142857144
CA_1,HOBBIES_1_116,Weekday Mean,0.8482142857142857,1.0296930888098925,95.0
CA_1,HOBBIES_1_117,Last Value,0.10714285714285714,0.32732683535398854,100.0
CA_1,HOBBIES_1_117,Seasonal Naive 28,0.42857142857142855,0.7559289460184544,400.0
CA_1,HOBBIES_1_117,28-Day Mean,0.3596938775510204,0.37627334831616926,335.7142857142857
CA_1,HOBBIES_1_117,Weekday Mean,0.3482142857142857,0.40642166702646576,325.0
CA_1,HOBBIES_1_118,Last Value,0.32142857142857145,0.7319250547113999,100.0
CA_1,HOBBIES_1_118,Seasonal Naive 28,0.6428571428571429,1.0350983390135313,200.0
CA_1,HOBBIES_1_118,28-Day Mean,0.5051020408163265,0.6575697371257846,157.14285714285714
CA_1,HOBBIES_1_118,Weekday Mean,0.49107142857142855,0.674801558131828,152.77777777777777
CA_1,HOBBIES_1_119,Last Value,0.75,2.1297216451250818,100.0
CA_1,HOBBIES_1_119,Seasonal Naive 28,1.2857142857142858,2.0354009783964297,171.42857142857142
CA_1,HOBBIES_1_119,28-Day Mean,1.3265306122448979,2.025034643190691,176.8707482993197
CA_1,HOBBIES_1_119,Weekday Mean,1.2410714285714286,1.9278272373692766,165.47619047619045
CA_1,HOBBIES_1_120,Last Value,0.8928571428571429,1.118033988749895,100.0
CA_1,HOBBIES_1_120,Seasonal Naive 28,0.7857142857142857,0.9636241116594315,88.0
CA_1,HOBBIES_1_120,28-Day Mean,0.5408163265306122,0.6766891186248719,60.57142857142856
CA_1,HOBBIES_1_120,Weekday Mean,0.6160714285714286,0.708683386892301,69.0
CA_1,HOBBIES_1_121,Last Value,0.32142857142857145,0.944911182523068,100.0
CA_1,HOBBIES_1_121,Seasonal Naive 28,0.32142857142857145,0.944911182523068,100.0
CA_1,HOBBIES_1_121,28-Day Mean,0.32142857142857145,0.944911182523068,100.0
CA_1,HOBBIES_1_121,Weekday Mean,0.32142857142857145,0.944911182523068,100.0
CA_1,HOBBIES_1_122,Last Value,1.4285714285714286,4.399675312695569,100.0
CA_1,HOBBIES_1_122,Seasonal Naive 28,1.9285714285714286,4.543441112511214,135.0
CA_1,HOBBIES_1_122,28-Day Mean,1.785714285714286,4.222147630323328,125.00000000000003
CA_1,HOBBIES_1_122,Weekday Mean,1.7857142857142858,4.311270528675807,125.0
CA_1,HOBBIES_1_123,Last Value,0.9285714285714286,1.558387444947959,100.0
CA_1,HOBBIES_1_123,Seasonal Naive 28,0.8571428571428571,1.3627702877384937,92.3076923076923
CA_1,HOBBIES_1_123,28-Day Mean,0.9285714285714286,1.259656577753457,100.0
CA_1,HOBBIES_1_123,Weekday Mean,0.9375,1.266850707181282,100.96153846153845
CA_1,HOBBIES_1_124,Last Value,1.6071428571428572,1.8224786888818678,136.36363636363635
CA_1,HOBBIES_1_124,Seasonal Naive 28,1.6785714285714286,2.306822180279306,142.42424242424244
CA_1,HOBBIES_1_124,28-Day Mean,1.301020408163265,1.630387458644761,110.38961038961037
CA_1,HOBBIES_1_124,Weekday Mean,1.3660714285714286,1.7275343701356567,115.90909090909092
CA_1,HOBBIES_1_125,Last Value,0.8928571428571429,1.0177004891982149,166.66666666666669
CA_1,HOBBIES_1_125,Seasonal Naive 28,0.5714285714285714,1.0350983390135313,106.66666666666667
CA_1,HOBBIES_1_125,28-Day Mean,0.6505102040816327,0.9306295871996703,121.42857142857144
CA_1,HOBBIES_1_125,Weekday Mean,0.6875,0.9136856289618595,128.33333333333334
CA_1,HOBBIES_1_126,Last Value,1.0714285714285714,1.5811388300841898,75.0
CA_1,HOBBIES_1_126,Seasonal Naive 28,1.3571428571428572,1.8708286933869707,95.0
CA_1,HOBBIES_1_126,28-Day Mean,1.086734693877551,1.5632906163028064,76.07142857142858
CA_1,HOBBIES_1_126,Weekday Mean,1.0089285714285714,1.4477507184792355,70.625
CA_1,HOBBIES_1_127,Last Value,0.6428571428571429,1.625686668105863,100.0
CA_1,HOBBIES_1_127,Seasonal Naive 28,1.1071428571428572,2.0959143930173156,172.22222222222223
CA_1,HOBBIES_1_127,28-Day Mean,1.030612244897959,1.4936088333090345,160.31746031746033
CA_1,HOBBIES_1_127,Weekday Mean,0.9196428571428571,1.535298947157477,143.05555555555557
CA_1,HOBBIES_1_128,Last Value,0.2857142857142857,0.5976143046671968,100.0
CA_1,HOBBIES_1_128,Seasonal Naive 28,0.5714285714285714,0.8017837257372732,200.0
CA_1,HOBBIES_1_128,28-Day Mean,0.49999999999999994,0.5439837932759934,174.99999999999997
CA_1,HOBBIES_1_128,Weekday Mean,0.5178571428571429,0.595743832771867,181.25
CA_1,HOBBIES_1_129,Last Value,0.8571428571428571,1.3627702877384937,100.0
CA_1,HOBBIES_1_129,Seasonal Naive 28,1.0357142857142858,1.4267845968170128,120.83333333333333
CA_1,HOBBIES_1_129,28-Day Mean,0.7372448979591837,1.0744006397493804,86.01190476190476
CA_1,HOBBIES_1_129,Weekday Mean,0.8035714285714286,1.0532687216470449,93.75
CA_1,HOBBIES_1_130,Last Value,1.1785714285714286,1.5,100.0
CA_1,HOBBIES_1_130,Seasonal Naive 28,1.5714285714285714,2.1213203435596424,133.33333333333331
CA_1,HOBBIES_1_130,28-Day Mean,1.1785714285714286,1.5164909818258674,100.0
CA_1,HOBBIES_1_130,Weekday Mean,1.3125,1.623625792566044,111.36363636363636
CA_1,HOBBIES_1_131,Last Value,1.0,1.1952286093343936,175.0
CA_1,HOBBIES_1_131,Seasonal Naive 28,1.0357142857142858,1.7217101133134214,181.25
CA_1,HOBBIES_1_131,28-Day Mean,0.8928571428571429,1.1299494299683124,156.25
CA_1,HOBBIES_1_131,Weekday Mean,0.7410714285714286,1.0690449676496976,129.6875
CA_1,HOBBIES_1_132,Last Value,1.8571428571428572,2.017778127403648,104.0
CA_1,HOBBIES_1_132,Seasonal Naive 28,1.4642857142857142,1.9364916731037085,82.0
CA_1,HOBBIES_1_132,28-Day Mean,1.25,1.9156311902719838,70.0
CA_1,HOBBIES_1_132,Weekday Mean,1.1517857142857142,1.625,64.5
CA_1,HOBBIES_1_133,Last Value,0.07142857142857142,0.3779644730092272,100.0
CA_1,HOBBIES_1_133,Seasonal Naive 28,0.07142857142857142,0.3779644730092272,100.0
CA_1,HOBBIES_1_133,28-Day Mean,0.07142857142857142,0.3779644730092272,100.0
CA_1,HOBBIES_1_133,Weekday Mean,0.07142857142857142,0.3779644730092272,100.0
CA_1,HOBBIES_1_134,Last Value,3.5357142857142856,5.493502655735358,81.81818181818183
CA_1,HOBBIES_1_134,Seasonal Naive 28,3.142857142857143,4.511889056386788,72.72727272727273
CA_1,HOBBIES_1_134,28-Day Mean,3.4311224489795924,4.3809362059742805,79.39787485242032
CA_1,HOBBIES_1_134,Weekday Mean,3.607142857142857,4.602988159880492,83.47107438016529
CA_1,HOBBIES_1_135,Last Value,0.8214285714285714,0.9063269671749657,328.57142857142856
CA_1,HOBBIES_1_135,Seasonal Naive 28,0.42857142857142855,0.7559289460184544,171.42857142857142
CA_1,HOBBIES_1_135,28-Day Mean,0.47448979591836726,0.528523163819598,189.7959183673469
CA_1,HOBBIES_1_135,Weekday Mean,0.3125,0.5324304112812704,125.0
CA_1,HOBBIES_1_136,Last Value,0.07142857142857142,0.2672612419124244,100.0
CA_1,HOBBIES_1_136,Seasonal Naive 28,0.14285714285714285,0.3779644730092272,200.0
CA_1,HOBBIES_1_136,28-Day Mean,0.1326530612244898,0.25753937681885636,185.71428571428575
CA_1,HOBBIES_1_136,Weekday Mean,0.1875,0.287383516775555,262.5
CA_1,HOBBIES_1_137,Last Value,1.7857142857142858,1.9820624179302297,138.88888888888889
CA_1,HOBBIES_1_137,Seasonal Naive 28,1.0714285714285714,1.3093073414159542,83.33333333333334
CA_1,HOBBIES_1_137,28-Day Mean,0.8775510204081632,1.1473127431577863,68.25396825396824
CA_1,HOBBIES_1_137,Weekday Mean,0.9732142857142857,1.2183492931011204,75.69444444444444
CA_1,HOBBIES_1_138,Last Value,0.03571428571428571,0.1889822365046136,100.0
CA_1,HOBBIES_1_138,Seasonal Naive 28,0.03571428571428571,0.1889822365046136,100.0
CA_1,HOBBIES_1_138,28-Day Mean,0.03571428571428571,0.1889822365046136,100.0
CA_1,HOBBIES_1_138,Weekday Mean,0.03571428571428571,0.1889822365046136,100.0
CA_1,HOBBIES_1_139,Last Value,0.8928571428571429,1.2955969390869324,100.0
CA_1,HOBBIES_1_139,Seasonal Naive 28,1.3928571428571428,1.7828548534783835,156.0
CA_1,HOBBIES_1_139,28-Day Mean,0.9642857142857143,1.118033988749895,108.0
CA_1,HOBBIES_1_139,Weekday Mean,0.9464285714285714,1.1475906437899734,106.0
CA_1,HOBBIES_1_140,Last Value,1.25,1.475998451412273,205.88235294117646
CA_1,HOBBIES_1_140,Seasonal Naive 28,1.5714285714285714,2.939873661036668,258.8235294117647
CA_1,HOBBIES_1_140,28-Day Mean,1.2755102040816326,1.4859031473367657,210.0840336134454
CA_1,HOBBIES_1_140,Weekday Mean,1.2589285714285714,1.868440908504047,207.3529411764706
CA_1,HOBBIES_1_141,Last Value,1.2142857142857142,1.3887301496588271,58.620689655172406
CA_1,HOBBIES_1_141,Seasonal Naive 28,1.5357142857142858,1.8224786888818678,74.13793103448276
CA_1,HOBBIES_1_141,28-Day Mean,1.2168367346938778,1.3910244352964605,58.74384236453203
CA_1,HOBBIES_1_141,Weekday Mean,1.2678571428571428,1.394344444020712,61.206896551724135
CA_1,HOBBIES_1_142,Last Value,0.9642857142857143,1.4516001023501126,100.0
CA_1,HOBBIES_1_142,Seasonal Naive 28,1.6785714285714286,2.1464256001881026,174.07407407407408
CA_1,HOBBIES_1_142,28-Day Mean,1.1989795918367345,1.3190132366156706,124.33862433862433
CA_1,HOBBIES_1_142,Weekday Mean,1.0625,1.2383384605418435,110.18518518518519
CA_1,HOBBIES_1_143,Last Value,0.17857142857142858,0.5,100.0
CA_1,HOBBIES_1_143,Seasonal Naive 28,0.25,0.5669467095138409,140.0
CA_1,HOBBIES_1_143,28-Day Mean,0.33163265306122447,0.46838846602157147,185.7142857142857
CA_1,HOBBIES_1_143,Weekday Mean,0.30357142857142855,0.435582532773231,170.0
CA_1,HOBBIES_1_144,Last Value,0.9285714285714286,1.3887301496588271,100.0
CA_1,HOBBIES_1_144,Seasonal Naive 28,0.9285714285714286,1.3093073414159542,100.0
CA_1,HOBBIES_1_144,28-Day Mean,0.816326530612245,1.0424656799518877,87.91208791208793
CA_1,HOBBIES_1_144,Weekday Mean,0.7678571428571429,1.0166032376778773,82.6923076923077
CA_1,HOBBIES_1_145,Last Value,1.1785714285714286,3.1903873477324707,100.0
CA_1,HOBBIES_1_145,Seasonal Naive 28,1.8928571428571428,4.013370510822899,160.6060606060606
CA_1,HOBBIES_1_145,28-Day Mean,1.4846938775510206,3.000850219657144,125.97402597402598
CA_1,HOBBIES_1_145,Weekday Mean,1.3839285714285714,2.981715110469141,117.42424242424244
CA_1,HOBBIES_1_146,Last Value,0.6428571428571429,1.1952286093343936,100.0
CA_1,HOBBIES_1_146,Seasonal Naive 28,0.7142857142857143,1.224744871391589,111.11111111111111
CA_1,HOBBIES_1_146,28-Day Mean,0.6887755102040817,1.0949792654825636,107.14285714285717
CA_1,HOBBIES_1_146,Weekday Mean,0.7857142857142857,1.1019463300386794,122.22222222222223
CA_1,HOBBIES_1_147,Last Value,5.821428571428571,7.168881163951398,74.42922374429224
CA_1,HOBBIES_1_147,Seasonal Naive 28,4.428571428571429,6.123724356957945,56.62100456621004
CA_1,HOBBIES_1_147,28-Day Mean,3.4030612244897958,4.73359142249329,43.509458577951726
CA_1,HOBBIES_1_147,Weekday Mean,3.232142857142857,4.692794628850854,41.32420091324201
CA_1,HOBBIES_1_148,Last Value,1.9285714285714286,2.0701966780270626,142.10526315789474
CA_1,HOBBIES_1_148,Seasonal Naive 28,1.2857142857142858,1.6690459207925603,94.73684210526315
CA_1,HOBBIES_1_148,28-Day Mean,1.3673469387755104,1.5236235005501104,100.75187969924812
CA_1,HOBBIES_1_148,Weekday Mean,1.4017857142857142,1.5683817866104632,103.28947368421053
CA_1,HOBBIES_1_149,Last Value,0.0,0.0,
CA_1,HOBBIES_1_149,Seasonal Naive 28,0.0,0.0,
CA_1,HOBBIES_1_149,28-Day Mean,0.0,0.0,
CA_1,HOBBIES_1_149,Weekday Mean,0.19642857142857142,0.26305214040457564,
CA_1,HOBBIES_1_150,Last Value,0.8571428571428571,1.7928429140015905,100.0
CA_1,HOBBIES_1_150,Seasonal Naive 28,1.6071428571428572,2.692582403567252,187.5
CA_1,HOBBIES_1_150,28-Day Mean,1.125,1.5783128424274537,131.25
CA_1,HOBBIES_1_150,Weekday Mean,1.2589285714285714,1.8138849388614955,146.875
CA_1,HOBBIES_1_151,Last Value,0.9285714285714286,1.3363062095621219,100.0
CA_1,HOBBIES_1_151,Seasonal Naive 28,0.9285714285714286,1.1952286093343936,100.0
CA_1,HOBBIES_1_151,28-Day Mean,0.8571428571428571,1.0522085616183026,92.3076923076923
CA_1,HOBBIES_1_151,Weekday Mean,0.8660714285714286,1.0574987335352093,93.26923076923077
CA_1,HOBBIES_1_152,Last Value,1.3928571428571428,1.5923926292577109,229.41176470588235
CA_1,HOBBIES_1_152,Seasonal Naive 28,0.7142857142857143,1.0690449676496976,117.64705882352942
CA_1,HOBBIES_1_152,28-Day Mean,0.704081632653061,0.7750905147932394,115.96638655462182
CA_1,HOBBIES_1_152,Weekday Mean,0.8035714285714286,0.8864052604279183,132.35294117647058
CA_1,HOBBIES_1_153,Last Value,1.5714285714285714,2.1213203435596424,100.0
CA_1,HOBBIES_1_153,Seasonal Naive 28,1.3571428571428572,1.9086270308410553,86.36363636363636
CA_1,HOBBIES_1_153,28-Day Mean,1.010204081632653,1.5101696079904268,64.28571428571428
CA_1,HOBBIES_1_153,Weekday Mean,1.0089285714285714,1.433028760552777,64.20454545454545
CA_1,HOBBIES_1_154,Last Value,1.0714285714285714,1.2535663410560174,65.21739130434783
CA_1,HOBBIES_1_154,Seasonal Naive 28,1.5,2.0,91.30434782608695
CA_1,HOBBIES_1_154,28-Day Mean,1.1020408163265307,1.2757550785351253,67.08074534161491
CA_1,HOBBIES_1_154,Weekday Mean,1.1696428571428572,1.3354707570205882,71.19565217391305
CA_1,HOBBIES_1_155,Last Value,1.5357142857142858,1.880349511584026,49.42528735632184
CA_1,HOBBIES_1_155,Seasonal Naive 28,2.142857142857143,2.6726124191242437,68.96551724137932
CA_1,HOBBIES_1_155,28-Day Mean,1.3469387755102045,1.6237239888099007,43.34975369458129
CA_1,HOBBIES_1_155,Weekday Mean,1.4910714285714286,1.7953312467938294,47.98850574712644
CA_1,HOBBIES_1_156,Last Value,1.3571428571428572,2.345207879911715,100.0
CA_1,HOBBIES_1_156,Seasonal Naive 28,1.1428571428571428,1.8322507626258087,84.21052631578947
CA_1,HOBBIES_1_156,28-Day Mean,1.0204081632653061,1.99616980178316,75.18796992481202
CA_1,HOBBIES_1_156,Weekday Mean,1.1875,2.1213203435596424,87.5
CA_1,HOBBIES_1_157,Last Value,0.8214285714285714,1.1801936887041646,79.3103448275862
CA_1,HOBBIES_1_157,Seasonal Naive 28,1.2142857142857142,1.6035674514745464,117.24137931034481
CA_1,HOBBIES_1_157,28-Day Mean,0.8596938775510202,1.1989578808281798,83.00492610837436
CA_1,HOBBIES_1_157,Weekday Mean,0.9107142857142857,1.2320134507614529,87.93103448275862
CA_1,HOBBIES_1_158,Last Value,7.107142857142857,7.370307223679931,182.56880733944953
CA_1,HOBBIES_1_158,Seasonal Naive 28,1.75,2.4275207811380612,44.95412844036697
CA_1,HOBBIES_1_158,28-Day Mean,1.596938775510204,1.97819748916089,41.02228047182176
CA_1,HOBBIES_1_158,Weekday Mean,1.7946428571428572,2.3811011858261835,46.10091743119266
CA_1,HOBBIES_1_159,Last Value,1.6071428571428572,2.412763679150648,84.90566037735849
CA_1,HOBBIES_1_159,Seasonal Naive 28,2.7142857142857144,3.401680257083045,143.39622641509433
CA_1,HOBBIES_1_159,28-Day Mean,1.9107142857142858,2.2697545493479496,100.9433962264151
CA_1,HOBBIES_1_159,Weekday Mean,1.9196428571428572,2.5235497957101165,101.41509433962264
CA_1,HOBBIES_1_160,Last Value,0.5,0.8017837257372732,100.0
CA_1,HOBBIES_1_160,Seasonal Naive 28,0.4642857142857143,0.7319250547113999,92.85714285714286
CA_1,HOBBIES_1_160,28-Day Mean,0.5561224489795918,0.6358747790987449,111.22448979591837
CA_1,HOBBIES_1_160,Weekday Mean,0.5625,0.6285612823856443,112.5
CA_1,HOBBIES_1_161,Last Value,1.3928571428571428,3.3327380420823443,100.0
CA_1,HOBBIES_1_161,Seasonal Naive 28,2.25,3.727312321614214,161.53846153846155
CA_1,HOBBIES_1_161,28-Day Mean,1.841836734693878,3.038024331162391,132.23443223443226
CA_1,HOBBIES_1_161,Weekday Mean,1.8839285714285714,3.1360518855037185,135.25641025641028
CA_1,HOBBIES_1_162,Last Value,0.07142857142857142,0.3779644730092272,100.0
CA_1,HOBBIES_1_162,Seasonal Naive 28,0.21428571428571427,0.7071067811865476,300.0
CA_1,HOBBIES_1_162,28-Day Mean,0.20408163265306126,0.3779644730092272,285.7142857142858
CA_1,HOBBIES_1_162,Weekday Mean,0.15178571428571427,0.337400779065914,212.5
CA_1,HOBBIES_1_163,Last Value,0.2857142857142857,0.7071067811865476,100.0
CA_1,HOBBIES_1_163,Seasonal Naive 28,0.39285714285714285,0.823754471047914,137.5
CA_1,HOBBIES_1_163,28-Day Mean,0.3469387755102042,0.6710105081448546,121.42857142857146
CA_1,HOBBIES_1_163,Weekday Mean,0.41964285714285715,0.7180703308172536,146.875
CA_1,HOBBIES_1_164,Last Value,1.0714285714285714,1.4142135623730951,83.33333333333334
CA_1,HOBBIES_1_164,Seasonal Naive 28,1.0,1.5118578920369088,77.77777777777779
CA_1,HOBBIES_1_164,28-Day Mean,1.0714285714285714,1.4142135623730951,83.33333333333334
CA_1,HOBBIES_1_164,Weekday Mean,1.1428571428571428,1.4577379737113252,88.88888888888889
CA_1,HOBBIES_1_165,Last Value,0.2857142857142857,0.6546536707079771,100.0
CA_1,HOBBIES_1_165,Seasonal Naive 28,0.32142857142857145,0.6267831705280087,112.5
CA_1,HOBBIES_1_165,28-Day Mean,0.3469387755102041,0.6154888549862174,121.42857142857142
CA_1,HOBBIES_1_165,Weekday Mean,0.375,0.603190919787662,131.25
CA_1,HOBBIES_1_166,Last Value,1.8928571428571428,2.3528098702858005,74.64788732394366
CA_1,HOBBIES_1_166,Seasonal Naive 28,1.8928571428571428,2.3528098702858005,74.64788732394366
CA_1,HOBBIES_1_166,28-Day Mean,1.5357142857142858,1.841970994032518,60.56338028169014
CA_1,HOBBIES_1_166,Weekday Mean,1.5982142857142858,1.940521837032503,63.02816901408451
CA_1,HOBBIES_1_167,Last Value,0.9285714285714286,2.7645717829090897,100.0
CA_1,HOBBIES_1_167,Seasonal Naive 28,1.5,3.116774889895918,161.53846153846155
CA_1,HOBBIES_1_167,28-Day Mean,1.3214285714285714,2.607876609075526,142.30769230769232
CA_1,HOBBIES_1_167,Weekday Mean,1.4375,2.847304489713536,154.80769230769232
CA_1,HOBBIES_1_168,Last Value,0.6071428571428571,0.7791937224739796,130.76923076923077
CA_1,HOBBIES_1_168,Seasonal Naive 28,0.6785714285714286,1.0177004891982149,146.15384615384613
CA_1,HOBBIES_1_168,28-Day Mean,0.5459183673469388,0.5758755534498965,117.58241758241759
CA_1,HOBBIES_1_168,Weekday Mean,0.5,0.6196196990320526,107.6923076923077
CA_1,HOBBIES_1_169,Last Value,5.892857142857143,9.807067422454658,100.0
CA_1,HOBBIES_1_169,Seasonal Naive 28,7.285714285714286,11.467344941179714,123.63636363636363
CA_1,HOBBIES_1_169,28-Day Mean,5.563775510204081,7.9682885520655935,94.4155844155844
CA_1,HOBBIES_1_169,Weekday Mean,6.5625,8.400945950138167,111.36363636363636
CA_1,HOBBIES_1_170,Last Value,0.2857142857142857,0.5976143046671968,100.0
CA_1,HOBBIES_1_170,Seasonal Naive 28,0.39285714285714285,0.6813851438692469,137.5
CA_1,HOBBIES_1_170,28-Day Mean,0.375,0.5357142857142857,131.25
CA_1,HOBBIES_1_170,Weekday Mean,0.375,0.5218442570072306,131.25
CA_1,HOBBIES_1_171,Last Value,0.35714285714285715,0.6546536707079771,100.0
CA_1,HOBBIES_1_171,Seasonal Naive 28,0.5714285714285714,0.8451542547285166,160.0
CA_1,HOBBIES_1_171,28-Day Mean,0.48469387755102045,0.5486532677049006,135.71428571428572
CA_1,HOBBIES_1_171,Weekday Mean,0.45535714285714285,0.5407501403473829,127.49999999999999
CA_1,HOBBIES_1_172,Last Value,0.9642857142857143,1.4015297764534702,100.0
CA_1,HOBBIES_1_172,Seasonal Naive 28,1.25,1.5923926292577109,129.62962962962962
CA_1,HOBBIES_1_172,28-Day Mean,0.8724489795918368,1.0666560373620058,90.47619047619048
CA_1,HOBBIES_1_172,Weekday Mean,0.8928571428571429,1.1553447228301295,92.5925925925926
CA_1,HOBBIES_1_173,Last Value,0.8214285714285714,0.944911182523068,109.52380952380953
CA_1,HOBBIES_1_173,Seasonal Naive 28,0.8214285714285714,1.118033988749895,109.52380952380953
CA_1,HOBBIES_1_173,28-Day Mean,0.7959183673469388,0.9175166127617949,106.12244897959182
CA_1,HOBBIES_1_173,Weekday Mean,0.7678571428571429,0.9197728756911365,102.38095238095238
CA_1,HOBBIES_1_174,Last Value,0.0,0.0,
CA_1,HOBBIES_1_174,Seasonal Naive 28,0.03571428571428571,0.1889822365046136,
CA_1,HOBBIES_1_174,28-Day Mean,0.03571428571428571,0.03571428571428572,
CA_1,HOBBIES_1_174,Weekday Mean,0.125,0.17034628596731172,
CA_1,HOBBIES_1_175,Last Value,0.03571428571428571,0.1889822365046136,100.0
CA_1,HOBBIES_1_175,Seasonal Naive 28,0.14285714285714285,0.4629100498862757,400.0
CA_1,HOBBIES_1_175,28-Day Mean,0.13520408163265304,0.19884872724392935,378.57142857142856
CA_1,HOBBIES_1_175,Weekday Mean,0.14285714285714285,0.2834733547569204,400.0
CA_1,HOBBIES_1_176,Last Value,0.8928571428571429,0.944911182523068,227.27272727272728
CA_1,HOBBIES_1_176,Seasonal Naive 28,0.39285714285714285,0.7319250547113999,100.0
CA_1,HOBBIES_1_176,28-Day Mean,0.5357142857142858,0.7319250547113999,136.36363636363637
CA_1,HOBBIES_1_176,Weekday Mean,0.42857142857142855,0.7007648882267351,109.09090909090908
CA_1,HOBBIES_1_177,Last Value,1.0,1.439245834257849,100.0
CA_1,HOBBIES_1_177,Seasonal Naive 28,1.3928571428571428,1.8224786888818678,139.28571428571428
CA_1,HOBBIES_1_177,28-Day Mean,0.7933673469387754,1.0357142857142858,79.33673469387755
CA_1,HOBBIES_1_177,Weekday Mean,0.8303571428571429,1.026436275942851,83.03571428571429
CA_1,HOBBIES_1_178,Last Value,5.571428571428571,7.676494735787385,100.0
CA_1,HOBBIES_1_178,Seasonal Naive 28,5.178571428571429,7.012743502265817,92.94871794871796
CA_1,HOBBIES_1_178,28-Day Mean,3.8392857142857144,5.344389581607987,68.91025641025641
CA_1,HOBBIES_1_178,Weekday Mean,5.241071428571429,7.886188197457266,94.07051282051282
CA_1,HOBBIES_1_179,Last Value,1.7142857142857142,1.889822365046136,126.3157894736842
CA_1,HOBBIES_1_179,Seasonal Naive 28,1.1428571428571428,1.4142135623730951,84.21052631578947
CA_1,HOBBIES_1_179,28-Day Mean,0.7346938775510203,0.9583148474999099,54.13533834586466
CA_1,HOBBIES_1_179,Weekday Mean,0.8035714285714286,1.026436275942851,59.210526315789465
CA_1,HOBBIES_1_180,Last Value,0.7857142857142857,0.9258200997725514,157.14285714285714
CA_1,HOBBIES_1_180,Seasonal Naive 28,0.4642857142857143,0.823754471047914,92.85714285714286
CA_1,HOBBIES_1_180,28-Day Mean,0.5918367346938777,0.7993939030571211,118.36734693877553
CA_1,HOBBIES_1_180,Weekday Mean,0.5446428571428571,0.7379992257061365,108.92857142857142
CA_1,HOBBIES_1_181,Last Value,0.21428571428571427,0.4629100498862757,100.0
CA_1,HOBBIES_1_181,Seasonal Naive 28,0.4642857142857143,0.7319250547113999,216.66666666666666
CA_1,HOBBIES_1_181,28-Day Mean,0.3979591836734694,0.42408364596563985,185.7142857142857
CA_1,HOBBIES_1_181,Weekday Mean,0.4642857142857143,0.5110388579019352,216.66666666666666
CA_1,HOBBIES_1_183,Last Value,0.10714285714285714,0.4225771273642583,100.0
CA_1,HOBBIES_1_183,Seasonal Naive 28,0.14285714285714285,0.4629100498862757,133.33333333333331
CA_1,HOBBIES_1_183,28-Day Mean,0.1377551020408163,0.41496250137936613,128.57142857142856
CA_1,HOBBIES_1_183,Weekday Mean,0.11607142857142858,0.4036662341234756,108.33333333333333
CA_1,HOBBIES_1_184,Last Value,0.14285714285714285,0.3779644730092272,100.0
CA_1,HOBBIES_1_184,Seasonal Naive 28,0.21428571428571427,0.4629100498862757,150.0
CA_1,HOBBIES_1_184,28-Day Mean,0.1938775510204081,0.35714285714285715,135.71428571428567
CA_1,HOBBIES_1_184,Weekday Mean,0.22321428571428573,0.36596252735569995,156.25
CA_1,HOBBIES_1_185,Last Value,0.7142857142857143,1.0350983390135313,100.0
CA_1,HOBBIES_1_185,Seasonal Naive 28,1.0,1.3363062095621219,140.0
CA_1,HOBBIES_1_185,28-Day Mean,0.6734693877551019,0.7626484465736652,94.28571428571428
CA_1,HOBBIES_1_185,Weekday Mean,0.6071428571428571,0.7440238091428449,85.0
CA_1,HOBBIES_1_186,Last Value,1.5357142857142858,1.9364916731037085,116.21621621621621
CA_1,HOBBIES_1_186,Seasonal Naive 28,1.3214285714285714,1.9548474547720014,100.0
CA_1,HOBBIES_1_186,28-Day Mean,1.2295918367346939,1.8224786888818678,93.05019305019306
CA_1,HOBBIES_1_186,Weekday Mean,1.0625,1.741689450750949,80.4054054054054
CA_1,HOBBIES_1_187,Last Value,0.9285714285714286,1.439245834257849,100.0
CA_1,HOBBIES_1_187,Seasonal Naive 28,1.1428571428571428,1.558387444947959,123.07692307692308
CA_1,HOBBIES_1_187,28-Day Mean,0.9744897959183673,1.1361409800419189,104.94505494505495
CA_1,HOBBIES_1_187,Weekday Mean,0.7946428571428571,1.1299494299683124,85.57692307692307
CA_1,HOBBIES_1_188,Last Value,0.8214285714285714,0.9063269671749657,255.55555555555554
CA_1,HOBBIES_1_188,Seasonal Naive 28,0.25,0.5669467095138409,77.77777777777779
CA_1,HOBBIES_1_188,28-Day Mean,0.4285714285714285,0.6102859818083951,133.33333333333331
CA_1,HOBBIES_1_188,Weekday Mean,0.38392857142857145,0.6123724356957945,119.44444444444444
CA_1,HOBBIES_1_189,Last Value,11.0,14.310335924977942,85.55555555555556
CA_1,HOBBIES_1_189,Seasonal Naive 28,9.714285714285714,12.569805089976535,75.55555555555556
CA_1,HOBBIES_1_189,28-Day Mean,7.979591836734694,10.446657506648933,62.06349206349206
CA_1,HOBBIES_1_189,Weekday Mean,8.160714285714286,10.250217767721537,63.47222222222222
CA_1,HOBBIES_1_190,Last Value,0.10714285714285714,0.32732683535398854,100.0
CA_1,HOBBIES_1_190,Seasonal Naive 28,0.25,0.5669467095138409,233.33333333333334
CA_1,HOBBIES_1_190,28-Day Mean,0.21938775510204087,0.31134992453861954,204.7619047619048
CA_1,HOBBIES_1_190,Weekday Mean,0.20535714285714285,0.3238992347717331,191.66666666666669
CA_1,HOBBIES_1_191,Last Value,0.25,0.5669467095138409,100.0
CA_1,HOBBIES_1_191,Seasonal Naive 28,0.5357142857142857,0.944911182523068,214.28571428571428
CA_1,HOBBIES_1_191,28-Day Mean,0.49489795918367346,0.539273888233625,197.9591836734694
CA_1,HOBBIES_1_191,Weekday Mean,0.38392857142857145,0.5153882032022076,153.57142857142858
CA_1,HOBBIES_1_192,Last Value,0.07142857142857142,0.2672612419124244,100.0
CA_1,HOBBIES_1_192,Seasonal Naive 28,0.07142857142857142,0.2672612419124244,100.0
CA_1,HOBBIES_1_192,28-Day Mean,0.1326530612244898,0.25753937681885636,185.71428571428575
CA_1,HOBBIES_1_192,Weekday Mean,0.125,0.236227795630767,175.0
CA_1,HOBBIES_1_193,Last Value,1.1785714285714286,1.7217101133134214,76.74418604651163
CA_1,HOBBIES_1_193,Seasonal Naive 28,1.7857142857142858,2.1712405933672376,116.27906976744187
CA_1,HOBBIES_1_193,28-Day Mean,1.2142857142857142,1.6610022791762122,79.06976744186046
CA_1,HOBBIES_1_193,Weekday Mean,1.2857142857142858,1.748085687667676,83.72093023255815
CA_1,HOBBIES_1_194,Last Value,1.4642857142857142,1.880349511584026,100.0
CA_1,HOBBIES_1_194,Seasonal Naive 28,1.3571428571428572,1.7320508075688772,92.6829268292683
CA_1,HOBBIES_1_194,28-Day Mean,1.2678571428571428,1.593593679808793,86.58536585365853
CA_1,HOBBIES_1_194,Weekday Mean,1.0714285714285714,1.2747548783981961,73.17073170731707
CA_1,HOBBIES_1_195,Last Value,0.8571428571428571,1.164964745021435,100.0
CA_1,HOBBIES_1_195,Seasonal Naive 28,0.8571428571428571,1.164964745021435,100.0
CA_1,HOBBIES_1_195,28-Day Mean,0.5918367346938774,0.7921811790292441,69.04761904761904
CA_1,HOBBIES_1_195,Weekday Mean,0.6428571428571429,0.8556534679079242,75.0
CA_1,HOBBIES_1_197,Last Value,0.07142857142857142,0.2672612419124244,100.0
CA_1,HOBBIES_1_197,Seasonal Naive 28,0.17857142857142858,0.4225771273642583,250.0
CA_1,HOBBIES_1_197,28-Day Mean,0.22448979591836737,0.27893748842523763,314.28571428571433
CA_1,HOBBIES_1_197,Weekday Mean,0.21428571428571427,0.27548658250966984,300.0
CA_1,HOBBIES_1_198,Last Value,0.75,0.8660254037844386,123.52941176470588
CA_1,HOBBIES_1_198,Seasonal Naive 28,0.8928571428571429,1.2100767390069582,147.05882352941177
CA_1,HOBBIES_1_198,28-Day Mean,0.6989795918367347,0.7726181304565691,115.12605042016808
CA_1,HOBBIES_1_198,Weekday Mean,0.75,0.8305011395881061,123.52941176470588
CA_1,HOBBIES_1_199,Last Value,1.6785714285714286,1.7627089541790095,522.2222222222223
CA_1,HOBBIES_1_199,Seasonal Naive 28,0.5357142857142857,0.823754471047914,166.66666666666669
CA_1,HOBBIES_1_199,28-Day Mean,0.5051020408163266,0.5486532677049005,157.14285714285717
CA_1,HOBBIES_1_199,Weekday Mean,0.4732142857142857,0.5805631502503164,147.22222222222223
CA_1,HOBBIES_1_200,Last Value,0.5357142857142857,0.944911182523068,100.0
CA_1,HOBBIES_1_200,Seasonal Naive 28,0.5357142857142857,0.8660254037844386,100.0
CA_1,HOBBIES_1_200,28-Day Mean,0.6377551020408164,0.7985957062499248,119.04761904761907
CA_1,HOBBIES_1_200,Weekday Mean,0.6160714285714286,0.8073324682469512,114.99999999999999
CA_1,HOBBIES_1_201,Last Value,0.8928571428571429,1.4516001023501126,100.0
CA_1,HOBBIES_1_201,Seasonal Naive 28,1.8928571428571428,3.375330671631617,212.0
CA_1,HOBBIES_1_201,28-Day Mean,1.0561224489795917,1.2637004294967236,118.28571428571426
CA_1,HOBBIES_1_201,Weekday Mean,1.1517857142857142,1.440021081194895,129.0
CA_1,HOBBIES_1_202,Last Value,0.75,1.4516001023501126,100.0
CA_1,HOBBIES_1_202,Seasonal Naive 28,1.0714285714285714,2.0701966780270626,142.85714285714286
CA_1,HOBBIES_1_202,28-Day Mean,1.0178571428571428,1.242836617236094,135.71428571428572
CA_1,HOBBIES_1_202,Weekday Mean,1.0982142857142858,1.4134241603789208,146.42857142857142
CA_1,HOBBIES_1_203,Last Value,0.4642857142857143,0.8660254037844386,100.0
CA_1,HOBBIES_1_203,Seasonal Naive 28,0.6428571428571429,0.9636241116594315,138.46153846153845
CA_1,HOBBIES_1_203,28-Day Mean,0.576530612244898,0.7345344214715405,124.17582417582418
CA_1,HOBBIES_1_203,Weekday Mean,0.5357142857142857,0.6959705453537527,115.38461538461537
CA_1,HOBBIES_1_204,Last Value,0.5714285714285714,1.0690449676496976,100.0
CA_1,HOBBIES_1_204,Seasonal Naive 28,1.2857142857142858,1.7525491637693282,225.0
CA_1,HOBBIES_1_204,28-Day Mean,0.770408163265306,0.9715336077668173,134.82142857142856
CA_1,HOBBIES_1_204,Weekday Mean,0.7857142857142857,1.0077822185373186,137.5
CA_1,HOBBIES_1_205,Last Value,0.17857142857142858,0.4225771273642583,100.0
CA_1,HOBBIES_1_205,Seasonal Naive 28,0.21428571428571427,0.4629100498862757,120.0
CA_1,HOBBIES_1_205,28-Day Mean,0.20153061224489793,0.4087686836521285,112.85714285714286
CA_1,HOBBIES_1_205,Weekday Mean,0.22321428571428573,0.4008918628686366,125.0
CA_1,HOBBIES_1_206,Last Value,1.0714285714285714,1.3887301496588271,62.5
CA_1,HOBBIES_1_206,Seasonal Naive 28,1.2142857142857142,1.5811388300841898,70.83333333333334
CA_1,HOBBIES_1_206,28-Day Mean,0.9489795918367346,1.1994896874104761,55.35714285714285
CA_1,HOBBIES_1_206,Weekday Mean,1.0267857142857142,1.2878206951501994,59.895833333333336
CA_1,HOBBIES_1_207,Last Value,0.21428571428571427,0.4629100498862757,100.0
CA_1,HOBBIES_1_207,Seasonal Naive 28,0.42857142857142855,0.6546536707079771,200.0
CA_1,HOBBIES_1_207,28-Day Mean,0.33673469387755095,0.41032590332414487,157.1428571428571
CA_1,HOBBIES_1_207,Weekday Mean,0.36607142857142855,0.45561967222046695,170.83333333333331
CA_1,HOBBIES_1_208,Last Value,1.3214285714285714,1.5923926292577109,69.81132075471697
CA_1,HOBBIES_1_208,Seasonal Naive 28,1.7857142857142858,2.2038926600773587,94.33962264150944
CA_1,HOBBIES_1_208,28-Day Mean,1.298469387755102,1.603169691961674,68.59838274932613
CA_1,HOBBIES_1_208,Weekday Mean,1.2232142857142858,1.6670386489649414,64.62264150943396
CA_1,HOBBIES_1_209,Last Value,3.5714285714285716,4.3177375027735465,100.0
CA_1,HOBBIES_1_209,Seasonal Naive 28,4.357142857142857,6.29058253037257,122.0
CA_1,HOBBIES_1_209,28-Day Mean,2.0612244897959187,2.4526121019127705,57.714285714285715
CA_1,HOBBIES_1_209,Weekday Mean,2.4017857142857144,2.862940546261583,67.25
CA_1,HOBBIES_1_210,Last Value,0.0,0.0,
CA_1,HOBBIES_1_210,Seasonal Naive 28,0.0,0.0,
CA_1,HOBBIES_1_210,28-Day Mean,0.0,0.0,
CA_1,HOBBIES_1_210,Weekday Mean,0.0,0.0,
CA_1,HOBBIES_1_211,Last Value,1.4285714285714286,2.712405363721075,100.0
CA_1,HOBBIES_1_211,Seasonal Naive 28,2.142857142857143,3.494894235064305,150.0
CA_1,HOBBIES_1_211,28-Day Mean,1.8979591836734693,2.3936565828737195,132.85714285714286
CA_1,HOBBIES_1_211,Weekday Mean,1.8928571428571428,2.567395150175145,132.5
CA_1,HOBBIES_1_212,Last Value,0.07142857142857142,0.2672612419124244,100.0
CA_1,HOBBIES_1_212,Seasonal Naive 28,0.10714285714285714,0.32732683535398854,150.0
CA_1,HOBBIES_1_212,28-Day Mean,0.1632653061224489,0.2600039246171614,228.57142857142847
CA_1,HOBBIES_1_212,Weekday Mean,0.11607142857142858,0.26305214040457564,162.5
CA_1,HOBBIES_1_213,Last Value,0.9642857142857143,1.475998451412273,100.0
CA_1,HOBBIES_1_213,Seasonal Naive 28,0.8928571428571429,1.2955969390869324,92.5925925925926
CA_1,HOBBIES_1_213,28-Day Mean,0.8520408163265307,1.1316413941253471,88.35978835978837
CA_1,HOBBIES_1_213,Weekday Mean,0.9107142857142857,1.2947352183803011,94.44444444444444
CA_1,HOBBIES_1_214,Last Value,0.21428571428571427,0.5345224838248488,100.0
CA_1,HOBBIES_1_214,Seasonal Naive 28,0.25,0.5669467095138409,116.66666666666667
CA_1,HOBBIES_1_214,28-Day Mean,0.23724489795918366,0.5212328399759437,110.7142857142857
CA_1,HOBBIES_1_214,Weekday Mean,0.20535714285714285,0.5022271825151869,95.83333333333334
CA_1,HOBBIES_1_215,Last Value,2.0714285714285716,2.29906813420444,152.63157894736844
CA_1,HOBBIES_1_215,Seasonal Naive 28,1.1785714285714286,1.8612591743993405,86.8421052631579
CA_1,HOBBIES_1_215,28-Day Mean,1.1096938775510206,1.627646980729406,81.76691729323309
CA_1,HOBBIES_1_215,Weekday Mean,1.2053571428571428,1.7576363999091833,88.81578947368422
CA_1,HOBBIES_1_216,Last Value,0.07142857142857142,0.2672612419124244,100.0
CA_1,HOBBIES_1_216,Seasonal Naive 28,0.6428571428571429,1.9456912102680337,900.0
CA_1,HOBBIES_1_216,28-Day Mean,0.5612244897959183,0.5624291338579865,785.7142857142856
CA_1,HOBBIES_1_216,Weekday Mean,0.5267857142857143,0.6927558836168152,737.5
CA_1,HOBBIES_1_217,Last Value,0.25,0.5,100.0
CA_1,HOBBIES_1_217,Seasonal Naive 28,0.42857142857142855,0.6546536707079771,171.42857142857142
CA_1,HOBBIES_1_217,28-Day Mean,0.375,0.4330127018922193,150.0
CA_1,HOBBIES_1_217,Weekday Mean,0.32142857142857145,0.45806269065645216,128.57142857142858
CA_1,HOBBIES_1_218,Last Value,0.14285714285714285,0.4629100498862757,100.0
CA_1,HOBBIES_1_218,Seasonal Naive 28,0.39285714285714285,0.8660254037844386,275.0
CA_1,HOBBIES_1_218,28-Day Mean,0.3392857142857143,0.4531634835874829,237.5
CA_1,HOBBIES_1_218,Weekday Mean,0.4107142857142857,0.5669467095138409,287.5
CA_1,HOBBIES_1_219,Last Value,0.32142857142857145,0.6813851438692469,100.0
CA_1,HOBBIES_1_219,Seasonal Naive 28,0.39285714285714285,0.7319250547113999,122.22222222222223
CA_1,HOBBIES_1_219,28-Day Mean,0.3928571428571428,0.6267831705280088,122.22222222222221
CA_1,HOBBIES_1_219,Weekday Mean,0.4375,0.6797452253812243,136.11111111111111
CA_1,HOBBIES_1_220,Last Value,0.6071428571428571,1.3758114488755873,100.0
CA_1,HOBBIES_1_220,Seasonal Naive 28,0.75,1.475998451412273,123.52941176470588
CA_1,HOBBIES_1_220,28-Day Mean,0.8520408163265306,1.2474463711837844,140.3361344537815
CA_1,HOBBIES_1_220,Weekday Mean,0.8482142857142857,1.1998883876665958,139.70588235294116
CA_1,HOBBIES_1_221,Last Value,0.21428571428571427,0.4629100498862757,100.0
CA_1,HOBBIES_1_221,Seasonal Naive 28,0.4642857142857143,0.8660254037844386,216.66666666666666
CA_1,HOBBIES_1_221,28-Day Mean,0.35714285714285715,0.411877235523957,166.66666666666669
CA_1,HOBBIES_1_221,Weekday Mean,0.39285714285714285,0.46531479359983513,183.33333333333331
CA_1,HOBBIES_1_223,Last Value,0.4642857142857143,0.7791937224739796,100.0
CA_1,HOBBIES_1_223,Seasonal Naive 28,1.7857142857142858,4.77343841331532,384.61538461538464
CA_1,HOBBIES_1_223,28-Day Mean,1.076530612244898,1.1796531832081245,231.86813186813188
CA_1,HOBBIES_1_223,Weekday Mean,1.4821428571428572,1.6830297934719651,319.2307692307692
CA_1,HOBBIES_1_224,Last Value,0.25,0.6267831705280087,100.0
CA_1,HOBBIES_1_224,Seasonal Naive 28,0.6071428571428571,0.944911182523068,242.85714285714283
CA_1,HOBBIES_1_224,28-Day Mean,0.5255102040816327,0.6018678409411686,210.2040816326531
CA_1,HOBBIES_1_224,Weekday Mean,0.45535714285714285,0.6408699444616557,182.14285714285714
CA_1,HOBBIES_1_225,Last Value,1.75,1.8027756377319946,700.0
CA_1,HOBBIES_1_225,Seasonal Naive 28,0.5357142857142857,0.823754471047914,214.28571428571428
CA_1,HOBBIES_1_225,28-Day Mean,0.4285714285714287,0.4460712855998856,171.42857142857147
CA_1,HOBBIES_1_225,Weekday Mean,0.4732142857142857,0.6426090791230922,189.28571428571428
CA_1,HOBBIES_1_226,Last Value,1.1071428571428572,1.267731382092775,88.57142857142857
CA_1,HOBBIES_1_226,Seasonal Naive 28,0.8571428571428571,1.224744871391589,68.57142857142857
CA_1,HOBBIES_1_226,28-Day Mean,0.8903061224489797,1.032013091199992,71.22448979591837
CA_1,HOBBIES_1_226,Weekday Mean,0.8303571428571429,1.0436885140144612,66.42857142857143
CA_1,HOBBIES_1_227,Last Value,0.8571428571428571,0.9258200997725514,600.0
CA_1,HOBBIES_1_227,Seasonal Naive 28,0.2857142857142857,0.5976143046671968,200.0
CA_1,HOBBIES_1_227,28-Day Mean,0.29591836734693866,0.3571428571428572,207.14285714285708
CA_1,HOBBIES_1_227,Weekday Mean,0.30357142857142855,0.4330127018922193,212.5
CA_1,HOBBIES_1_228,Last Value,0.7857142857142857,1.0690449676496976,61.111111111111114
CA_1,HOBBIES_1_228,Seasonal Naive 28,1.1785714285714286,1.6146649364939023,91.66666666666666
CA_1,HOBBIES_1_228,28-Day Mean,0.8035714285714285,1.0791389235527233,62.499999999999986
CA_1,HOBBIES_1_228,Weekday Mean,0.9910714285714286,1.2036032212842047,77.08333333333334
CA_1,HOBBIES_1_229,Last Value,0.17857142857142858,0.5669467095138409,100.0
CA_1,HOBBIES_1_229,Seasonal Naive 28,0.39285714285714285,0.7791937224739796,220.00000000000003
CA_1,HOBBIES_1_229,28-Day Mean,0.34693877551020397,0.539273888233625,194.28571428571425
CA_1,HOBBIES_1_229,Weekday Mean,0.2857142857142857,0.5767055450698265,160.0
CA_1,HOBBIES_1_230,Last Value,0.03571428571428571,0.1889822365046136,100.0
CA_1,HOBBIES_1_230,Seasonal Naive 28,0.14285714285714285,0.3779644730092272,400.0
CA_1,HOBBIES_1_230,28-Day Mean,0.20153061224489802,0.23419423301078576,564.2857142857144
CA_1,HOBBIES_1_230,Weekday Mean,0.22321428571428573,0.27548658250966984,625.0
CA_1,HOBBIES_1_231,Last Value,0.42857142857142855,0.7559289460184544,100.0
CA_1,HOBBIES_1_231,Seasonal Naive 28,0.5714285714285714,0.8864052604279183,133.33333333333331
CA_1,HOBBIES_1_231,28-Day Mean,0.5510204081632653,0.6226998490772391,128.57142857142856
CA_1,HOBBIES_1_231,Weekday Mean,0.49107142857142855,0.6087164481806897,114.58333333333333
CA_1,HOBBIES_1_232,Last Value,1.3928571428571428,2.598076211353316,100.0
CA_1,HOBBIES_1_232,Seasonal Naive 28,2.392857142857143,4.395614697790125,171.7948717948718
CA_1,HOBBIES_1_232,28-Day Mean,1.8673469387755102,2.295736954284028,134.06593406593404
CA_1,HOBBIES_1_232,Weekday Mean,1.5714285714285714,2.3212912047269847,112.82051282051282
CA_1,HOBBIES_1_233,Last Value,2.5357142857142856,3.8775912994685613,81.60919540229885
CA_1,HOBBIES_1_233,Seasonal Naive 28,3.2142857142857144,4.358898943540674,103.44827586206897
CA_1,HOBBIES_1_233,28-Day Mean,2.6122448979591844,3.759851006600758,84.072249589491
CA_1,HOBBIES_1_233,Weekday Mean,2.6517857142857144,3.8295141429988964,85.34482758620689
CA_1,HOBBIES_1_234,Last Value,3.142857142857143,6.729466121893644,100.0
CA_1,HOBBIES_1_234,Seasonal Naive 28,4.964285714285714,8.068899730269479,157.95454545454547
CA_1,HOBBIES_1_234,28-Day Mean,3.8877551020408165,5.9505830618108515,123.70129870129871
CA_1,HOBBIES_1_234,Weekday Mean,3.919642857142857,5.970537783865992,124.71590909090908
CA_1,HOBBIES_1_235,Last Value,0.5,0.8451542547285166,100.0
CA_1,HOBBIES_1_235,Seasonal Naive 28,0.42857142857142855,0.8864052604279183,85.71428571428571
CA_1,HOBBIES_1_235,28-Day Mean,0.6377551020408163,0.6961995960577831,127.55102040816327
CA_1,HOBBIES_1_235,Weekday Mean,0.5535714285714286,0.6087164481806897,110.71428571428572
CA_1,HOBBIES_1_236,Last Value,0.0,0.0,
CA_1,HOBBIES_1_236,Seasonal Naive 28,0.0,0.0,
CA_1,HOBBIES_1_236,28-Day Mean,0.0,0.0,
CA_1,HOBBIES_1_236,Weekday Mean,0.0,0.0,
CA_1,HOBBIES_1_237,Last Value,0.7857142857142857,0.9258200997725514,122.22222222222223
CA_1,HOBBIES_1_237,Seasonal Naive 28,0.7857142857142857,1.0,122.22222222222223
CA_1,HOBBIES_1_237,28-Day Mean,0.7040816326530612,0.880630571852711,109.52380952380953
CA_1,HOBBIES_1_237,Weekday Mean,0.7767857142857143,0.9507985365695811,120.83333333333333
CA_1,HOBBIES_1_238,Last Value,0.42857142857142855,0.7559289460184544,100.0
CA_1,HOBBIES_1_238,Seasonal Naive 28,0.6071428571428571,0.8660254037844386,141.66666666666669
CA_1,HOBBIES_1_238,28-Day Mean,0.5408163265306122,0.6237231855918922,126.19047619047619
CA_1,HOBBIES_1_238,Weekday Mean,0.5089285714285714,0.603190919787662,118.75
CA_1,HOBBIES_1_239,Last Value,0.14285714285714285,0.3779644730092272,100.0
CA_1,HOBBIES_1_239,Seasonal Naive 28,0.42857142857142855,0.7071067811865476,300.0
CA_1,HOBBIES_1_239,28-Day Mean,0.3469387755102042,0.3779644730092272,242.85714285714292
CA_1,HOBBIES_1_239,Weekday Mean,0.4107142857142857,0.44571371336959587,287.5
CA_1,HOBBIES_1_240,Last Value,0.6428571428571429,0.9636241116594315,52.94117647058824
CA_1,HOBBIES_1_240,Seasonal Naive 28,1.3214285714285714,1.742330131092924,108.8235294117647
CA_1,HOBBIES_1_240,28-Day Mean,0.6632653061224488,0.9721898277725856,54.62184873949578
CA_1,HOBBIES_1_240,Weekday Mean,0.9196428571428571,1.1849125947270782,75.73529411764706
CA_1,HOBBIES_1_241,Last Value,1.9642857142857142,2.3528098702858005,48.67256637168141
CA_1,HOBBIES_1_241,Seasonal Naive 28,2.607142857142857,3.2237954561133595,64.60176991150442
CA_1,HOBBIES_1_241,28-Day Mean,1.9642857142857142,2.3528098702858005,48.67256637168141
CA_1,HOBBIES_1_241,Weekday Mean,2.169642857142857,2.4690042816603506,53.76106194690266
CA_1,HOBBIES_1_242,Last Value,1.0714285714285714,1.5811388300841898,100.0
CA_1,HOBBIES_1_242,Seasonal Naive 28,1.0714285714285714,1.6035674514745464,100.0
CA_1,HOBBIES_1_242,28-Day Mean,0.9540816326530611,1.1627728997214077,89.04761904761904
CA_1,HOBBIES_1_242,Weekday Mean,0.8571428571428571,1.0773645092141684,80.0
CA_1,HOBBIES_1_243,Last Value,0.14285714285714285,0.4629100498862757,100.0
CA_1,HOBBIES_1_243,Seasonal Naive 28,0.35714285714285715,0.6546536707079771,250.0
CA_1,HOBBIES_1_243,28-Day Mean,0.31122448979591827,0.4460712855998856,217.8571428571428
CA_1,HOBBIES_1_243,Weekday Mean,0.2857142857142857,0.4841229182759271,200.0
CA_1,HOBBIES_1_244,Last Value,3.2142857142857144,5.631543812693436,104.65116279069768
CA_1,HOBBIES_1_244,Seasonal Naive 28,4.857142857142857,6.535616704970214,158.13953488372093
CA_1,HOBBIES_1_244,28-Day Mean,4.637755102040816,5.658206970626736,150.9966777408638
CA_1,HOBBIES_1_244,Weekday Mean,4.964285714285714,6.027281725620597,161.62790697674419
CA_1,HOBBIES_1_245,Last Value,0.7857142857142857,0.8864052604279183,366.66666666666663
CA_1,HOBBIES_1_245,Seasonal Naive 28,0.21428571428571427,0.5345224838248488,100.0
CA_1,HOBBIES_1_245,28-Day Mean,0.33673469387755095,0.41032590332414487,157.1428571428571
CA_1,HOBBIES_1_245,Weekday Mean,0.33035714285714285,0.3895968612369898,154.16666666666669
CA_1,HOBBIES_1_246,Last Value,0.07142857142857142,0.2672612419124244,100.0
CA_1,HOBBIES_1_246,Seasonal Naive 28,0.07142857142857142,0.2672612419124244,100.0
CA_1,HOBBIES_1_246,28-Day Mean,0.07142857142857142,0.2672612419124244,100.0
CA_1,HOBBIES_1_246,Weekday Mean,0.08928571428571429,0.2714050741709047,125.0
CA_1,HOBBIES_1_247,Last Value,1.1785714285714286,1.4267845968170128,84.61538461538461
CA_1,HOBBIES_1_247,Seasonal Naive 28,1.5714285714285714,2.0701966780270626,112.82051282051282
CA_1,HOBBIES_1_247,28-Day Mean,1.1632653061224492,1.3845908553557233,83.51648351648353
CA_1,HOBBIES_1_247,Weekday Mean,1.1339285714285714,1.3093073414159542,81.41025641025641
CA_1,HOBBIES_1_248,Last Value,1.0,1.3363062095621219,107.6923076923077
CA_1,HOBBIES_1_248,Seasonal Naive 28,1.5,2.1213203435596424,161.53846153846155
CA_1,HOBBIES_1_248,28-Day Mean,1.2448979591836733,1.4811743823805514,134.06593406593404
CA_1,HOBBIES_1_248,Weekday Mean,1.0267857142857142,1.379052469736273,110.57692307692308
CA_1,HOBBIES_1_249,Last Value,0.75,0.944911182523068,77.77777777777779
CA_1,HOBBIES_1_249,Seasonal Naive 28,1.0714285714285714,1.4142135623730951,111.11111111111111
CA_1,HOBBIES_1_249,28-Day Mean,0.8341836734693876,1.0095210017930407,86.5079365079365
CA_1,HOBBIES_1_249,Weekday Mean,0.8035714285714286,0.9887762999933662,83.33333333333334
CA_1,HOBBIES_1_250,Last Value,0.14285714285714285,0.4629100498862757,100.0
CA_1,HOBBIES_1_250,Seasonal Naive 28,0.14285714285714285,0.3779644730092272,100.0
CA_1,HOBBIES_1_250,28-Day Mean,0.2551020408163266,0.44031528592635544,178.5714285714286
CA_1,HOBBIES_1_250,Weekday Mean,0.25892857142857145,0.435582532773231,181.25
CA_1,HOBBIES_1_251,Last Value,0.5,0.8864052604279183,100.0
CA_1,HOBBIES_1_251,Seasonal Naive 28,0.5714285714285714,0.9258200997725514,114.28571428571428
CA_1,HOBBIES_1_251,28-Day Mean,0.5612244897959183,0.7626484465736652,112.24489795918366
CA_1,HOBBIES_1_251,Weekday Mean,0.7232142857142857,0.8385254915624212,144.64285714285714
CA_1,HOBBIES_1_252,Last Value,2.142857142857143,2.53546276418555,230.76923076923075
CA_1,HOBBIES_1_252,Seasonal Naive 28,1.5714285714285714,2.434865792722759,169.23076923076923
CA_1,HOBBIES_1_252,28-Day Mean,1.7295918367346934,2.337581167421939,186.26373626373623
CA_1,HOBBIES_1_252,Weekday Mean,1.5982142857142858,2.258910925961573,172.1153846153846
CA_1,HOBBIES_1_253,Last Value,0.14285714285714285,0.3779644730092272,100.0
CA_1,HOBBIES_1_253,Seasonal Naive 28,0.32142857142857145,0.6813851438692469,225.0
CA_1,HOBBIES_1_253,28-Day Mean,0.37244897959183676,0.39285714285714285,260.7142857142857
CA_1,HOBBIES_1_253,Weekday Mean,0.5446428571428571,0.621418308618047,381.25
CA_1,HOBBIES_1_254,Last Value,12.25,13.534347839056428,158.06451612903226
CA_1,HOBBIES_1_254,Seasonal Naive 28,7.142857142857143,12.764347669527472,92.16589861751152
CA_1,HOBBIES_1_254,28-Day Mean,5.270408163265307,6.116117048839242,68.00526662277815
CA_1,HOBBIES_1_254,Weekday Mean,4.4375,5.412246364891912,57.25806451612904
CA_1,HOBBIES_1_255,Last Value,0.4642857142857143,1.1801936887041646,100.0
CA_1,HOBBIES_1_255,Seasonal Naive 28,0.9642857142857143,1.5698043554168508,207.6923076923077
CA_1,HOBBIES_1_255,28-Day Mean,0.8316326530612245,1.099628879881475,179.1208791208791
CA_1,HOBBIES_1_255,Weekday Mean,0.7767857142857143,1.153411090139653,167.30769230769232
CA_1,HOBBIES_1_256,Last Value,3.6785714285714284,5.178940873521205,81.10236220472441
CA_1,HOBBIES_1_256,Seasonal Naive 28,3.857142857142857,4.750939756661683,85.03937007874016
CA_1,HOBBIES_1_256,28-Day Mean,2.9795918367346936,3.784871873926622,65.6917885264342
CA_1,HOBBIES_1_256,Weekday Mean,3.455357142857143,4.1312182568480065,76.18110236220473
CA_1,HOBBIES_1_257,Last Value,0.17857142857142858,0.5,100.0
CA_1,HOBBIES_1_257,Seasonal Naive 28,0.25,0.5669467095138409,140.0
CA_1,HOBBIES_1_257,28-Day Mean,0.22959183673469383,0.47915742374995496,128.57142857142853
CA_1,HOBBIES_1_257,Weekday Mean,0.21428571428571427,0.44571371336959587,120.0
CA_1,HOBBIES_1_258,Last Value,0.9642857142857143,1.2392393980641052,77.14285714285715
CA_1,HOBBIES_1_258,Seasonal Naive 28,1.0714285714285714,1.439245834257849,85.71428571428571
CA_1,HOBBIES_1_258,28-Day Mean,1.0178571428571428,1.2137603905690306,81.42857142857143
CA_1,HOBBIES_1_258,Weekday Mean,1.0,1.243734296383275,80.0
CA_1,HOBBIES_1_259,Last Value,0.32142857142857145,0.6813851438692469,100.0
CA_1,HOBBIES_1_259,Seasonal Naive 28,0.35714285714285715,0.7071067811865476,111.11111111111111
CA_1,HOBBIES_1_259,28-Day Mean,0.375,0.6378775392675625,116.66666666666667
CA_1,HOBBIES_1_259,Weekday Mean,0.36607142857142855,0.6050383695034791,113.88888888888889
CA_1,HOBBIES_1_260,Last Value,0.0,0.0,
CA_1,HOBBIES_1_260,Seasonal Naive 28,0.0,0.0,
CA_1,HOBBIES_1_260,28-Day Mean,0.0,0.0,
CA_1,HOBBIES_1_260,Weekday Mean,0.0,0.0,
CA_1,HOBBIES_1_261,Last Value,8.035714285714286,13.037035158128774,86.87258687258688
CA_1,HOBBIES_1_261,Seasonal Naive 28,10.107142857142858,14.874474780643517,109.26640926640927
CA_1,HOBBIES_1_261,28-Day Mean,7.081632653061226,10.953752502113193,76.55819084390515
CA_1,HOBBIES_1_261,Weekday Mean,8.026785714285714,11.650030655998904,86.77606177606178
CA_1,HOBBIES_1_262,Last Value,0.5714285714285714,0.7559289460184544,100.0
CA_1,HOBBIES_1_262,Seasonal Naive 28,0.75,0.9063269671749657,131.25
CA_1,HOBBIES_1_262,28-Day Mean,0.5714285714285714,0.6710105081448547,100.0
CA_1,HOBBIES_1_262,Weekday Mean,0.5446428571428571,0.7007648882267351,95.3125
CA_1,HOBBIES_1_263,Last Value,0.21428571428571427,0.7071067811865476,100.0
CA_1,HOBBIES_1_263,Seasonal Naive 28,0.2857142857142857,0.7559289460184544,133.33333333333331
CA_1,HOBBIES_1_263,28-Day Mean,0.2704081632653061,0.6888321972137825,126.19047619047616
CA_1,HOBBIES_1_263,Weekday Mean,0.29464285714285715,0.6460733041116266,137.5
CA_1,HOBBIES_1_264,Last Value,0.39285714285714285,0.7791937224739796,100.0
CA_1,HOBBIES_1_264,Seasonal Naive 28,0.6785714285714286,1.0856202966836188,172.72727272727272
CA_1,HOBBIES_1_264,28-Day Mean,0.49489795918367335,0.6813851438692469,125.97402597402593
CA_1,HOBBIES_1_264,Weekday Mean,0.5,0.6813851438692469,127.27272727272727
CA_1,HOBBIES_1_265,Last Value,0.32142857142857145,1.1801936887041646,100.0
CA_1,HOBBIES_1_265,Seasonal Naive 28,0.6785714285714286,1.2392393980641052,211.11111111111111
CA_1,HOBBIES_1_265,28-Day Mean,0.6275510204081632,1.1406228159050937,195.2380952380952
CA_1,HOBBIES_1_265,Weekday Mean,0.5803571428571429,1.14564392373896,180.55555555555557
CA_1,HOBBIES_1_266,Last Value,2.1785714285714284,2.3528098702858005,196.7741935483871
CA_1,HOBBIES_1_266,Seasonal Naive 28,1.3214285714285714,1.8419709940325182,119.35483870967742
CA_1,HOBBIES_1_266,28-Day Mean,1.0051020408163265,1.4516001023501126,90.78341013824883
CA_1,HOBBIES_1_266,Weekday Mean,1.0,1.5302019007774292,90.32258064516128
CA_1,HOBBIES_1_267,Last Value,0.17857142857142858,0.5,100.0
CA_1,HOBBIES_1_267,Seasonal Naive 28,0.14285714285714285,0.4629100498862757,80.0
CA_1,HOBBIES_1_267,28-Day Mean,0.2040816326530612,0.48838551182776224,114.28571428571428
CA_1,HOBBIES_1_267,Weekday Mean,0.19642857142857142,0.47715675771026383,110.00000000000001
CA_1,HOBBIES_1_268,Last Value,13.0,17.400738900567248,100.0
CA_1,HOBBIES_1_268,Seasonal Naive 28,11.607142857142858,16.738535522218527,89.28571428571429
CA_1,HOBBIES_1_268,28-Day Mean,8.285714285714283,11.958314074743313,63.73626373626372
CA_1,HOBBIES_1_268,Weekday Mean,8.892857142857142,12.165066349416852,68.4065934065934
CA_1,HOBBIES_1_269,Last Value,0.10714285714285714,0.4225771273642583,100.0
CA_1,HOBBIES_1_269,Seasonal Naive 28,0.39285714285714285,0.7791937224739796,366.66666666666663
CA_1,HOBBIES_1_269,28-Day Mean,0.41326530612244905,0.47915742374995496,385.7142857142858
CA_1,HOBBIES_1_269,Weekday Mean,0.44642857142857145,0.6160067253807264,416.6666666666667
CA_1,HOBBIES_1_270,Last Value,0.8928571428571429,1.0177004891982149,147.05882352941177
CA_1,HOBBIES_1_270,Seasonal Naive 28,0.6785714285714286,1.0522085616183026,111.76470588235294
CA_1,HOBBIES_1_270,28-Day Mean,0.7295918367346939,0.955649154304261,120.16806722689076
CA_1,HOBBIES_1_270,Weekday Mean,0.7410714285714286,0.9578155951359919,122.05882352941177
CA_1,HOBBIES_1_271,Last Value,0.7857142857142857,0.8864052604279183,275.0
CA_1,HOBBIES_1_271,Seasonal Naive 28,0.6785714285714286,0.8660254037844386,237.5
CA_1,HOBBIES_1_271,28-Day Mean,0.48214285714285704,0.5357142857142858,168.74999999999994
CA_1,HOBBIES_1_271,Weekday Mean,0.41964285714285715,0.5509731650193397,146.875
CA_1,HOBBIES_1_272,Last Value,0.8571428571428571,0.9258200997725514,600.0
CA_1,HOBBIES_1_272,Seasonal Naive 28,0.2857142857142857,0.5345224838248488,200.0
CA_1,HOBBIES_1_272,28-Day Mean,0.24489795918367352,0.3499271061118826,171.42857142857147
CA_1,HOBBIES_1_272,Weekday Mean,0.2767857142857143,0.3867215683519235,193.75
CA_1,HOBBIES_1_273,Last Value,0.17857142857142858,0.4225771273642583,100.0
CA_1,HOBBIES_1_273,Seasonal Naive 28,0.32142857142857145,0.5669467095138409,180.0
CA_1,HOBBIES_1_273,28-Day Mean,0.3163265306122448,0.38465462908103604,177.14285714285708
CA_1,HOBBIES_1_273,Weekday Mean,0.26785714285714285,0.3566961492042532,150.0
CA_1,HOBBIES_1_274,Last Value,0.07142857142857142,0.2672612419124244,100.0
CA_1,HOBBIES_1_274,Seasonal Naive 28,0.07142857142857142,0.2672612419124244,100.0
CA_1,HOBBIES_1_274,28-Day Mean,0.07142857142857142,0.2672612419124244,100.0
CA_1,HOBBIES_1_274,Weekday Mean,0.07142857142857142,0.2672612419124244,100.0
CA_1,HOBBIES_1_275,Last Value,0.07142857142857142,0.2672612419124244,100.0
CA_1,HOBBIES_1_275,Seasonal Naive 28,0.07142857142857142,0.2672612419124244,100.0
CA_1,HOBBIES_1_275,28-Day Mean,0.07142857142857142,0.2672612419124244,100.0
CA_1,HOBBIES_1_275,Weekday Mean,0.07142857142857142,0.2672612419124244,100.0
CA_1,HOBBIES_1_276,Last Value,0.5357142857142857,0.8660254037844386,100.0
CA_1,HOBBIES_1_276,Seasonal Naive 28,0.9285714285714286,1.1338934190276817,173.33333333333334
CA_1,HOBBIES_1_276,28-Day Mean,0.6122448979591837,0.6804485315449161,114.28571428571428
CA_1,HOBBIES_1_276,Weekday Mean,0.7142857142857143,0.8530407794640134,133.33333333333331
CA_1,HOBBIES_1_277,Last Value,0.6071428571428571,1.118033988749895,100.0
CA_1,HOBBIES_1_277,Seasonal Naive 28,0.6071428571428571,1.118033988749895,100.0
CA_1,HOBBIES_1_277,28-Day Mean,0.6071428571428571,1.118033988749895,100.0
CA_1,HOBBIES_1_277,Weekday Mean,0.6071428571428571,1.118033988749895,100.0
CA_1,HOBBIES_1_278,Last Value,3.75,10.445436460825505,100.0
CA_1,HOBBIES_1_278,Seasonal Naive 28,7.035714285714286,13.19496657279369,187.61904761904762
CA_1,HOBBIES_1_278,28-Day Mean,5.413265306122448,9.76013340490962,144.35374149659864
CA_1,HOBBIES_1_278,Weekday Mean,6.580357142857143,10.45259280889538,175.47619047619048
CA_1,HOBBIES_1_279,Last Value,0.9642857142857143,1.5698043554168508,100.0
CA_1,HOBBIES_1_279,Seasonal Naive 28,0.8571428571428571,1.2535663410560174,88.88888888888889
CA_1,HOBBIES_1_279,28-Day Mean,0.9821428571428571,1.2407823404314435,101.85185185185186
CA_1,HOBBIES_1_279,Weekday Mean,1.0,1.1358602781278035,103.7037037037037
CA_1,HOBBIES_1_280,Last Value,0.6428571428571429,0.8451542547285166,90.0
CA_1,HOBBIES_1_280,Seasonal Naive 28,0.7142857142857143,1.0350983390135313,100.0
CA_1,HOBBIES_1_280,28-Day Mean,0.6683673469387755,0.7985957062499248,93.57142857142857
CA_1,HOBBIES_1_280,Weekday Mean,0.6875,0.8530407794640134,96.25
CA_1,HOBBIES_1_281,Last Value,0.6428571428571429,0.8017837257372732,112.5
CA_1,HOBBIES_1_281,Seasonal Naive 28,1.1071428571428572,1.546886273407694,193.75
CA_1,HOBBIES_1_281,28-Day Mean,0.6709183673469388,0.8214285714285715,117.41071428571428
CA_1,HOBBIES_1_281,Weekday Mean,0.6875,0.8059488640283399,120.3125
CA_1,HOBBIES_1_282,Last Value,0.9642857142857143,1.267731382092775,65.85365853658537
CA_1,HOBBIES_1_282,Seasonal Naive 28,1.2142857142857142,1.535298947157477,82.92682926829268
CA_1,HOBBIES_1_282,28-Day Mean,1.0535714285714284,1.3434459195574304,71.95121951219511
CA_1,HOBBIES_1_282,Weekday Mean,1.0178571428571428,1.3337982820287546,69.51219512195121
CA_1,HOBBIES_1_283,Last Value,0.5,0.8451542547285166,100.0
CA_1,HOBBIES_1_283,Seasonal Naive 28,0.6428571428571429,0.9636241116594315,128.57142857142858
CA_1,HOBBIES_1_283,28-Day Mean,0.576530612244898,0.696199596057783,115.3061224489796
CA_1,HOBBIES_1_283,Weekday Mean,0.625,0.727336137657725,125.0
CA_1,HOBBIES_1_284,Last Value,0.25,0.5669467095138409,100.0
CA_1,HOBBIES_1_284,Seasonal Naive 28,0.21428571428571427,0.5345224838248488,85.71428571428571
CA_1,HOBBIES_1_284,28-Day Mean,0.3520408163265306,0.5138390917835056,140.81632653061226
CA_1,HOBBIES_1_284,Weekday Mean,0.375,0.546906886825484,150.0
CA_1,HOBBIES_1_285,Last Value,0.17857142857142858,0.4225771273642583,100.0
CA_1,HOBBIES_1_285,Seasonal Naive 28,0.21428571428571427,0.4629100498862757,120.0
CA_1,HOBBIES_1_285,28-Day Mean,0.20153061224489796,0.4087686836521285,112.85714285714286
CA_1,HOBBIES_1_285,Weekday Mean,0.1875,0.414578098794425,105.0
CA_1,HOBBIES_1_286,Last Value,4.178571428571429,9.128057217799885,100.0
CA_1,HOBBIES_1_286,Seasonal Naive 28,6.785714285714286,11.544943234408485,162.39316239316238
CA_1,HOBBIES_1_286,28-Day Mean,5.290816326530613,8.116734414222286,126.61782661782664
CA_1,HOBBIES_1_286,Weekday Mean,5.0,7.346038777074738,119.65811965811966
CA_1,HOBBIES_1_287,Last Value,0.9642857142857143,1.3228756555322954,100.0
CA_1,HOBBIES_1_287,Seasonal Naive 28,0.9642857142857143,1.2392393980641052,100.0
CA_1,HOBBIES_1_287,28-Day Mean,0.7193877551020408,0.9119389524859788,74.60317460317461
CA_1,HOBBIES_1_287,Weekday Mean,0.9464285714285714,1.1417405259389843,98.14814814814815
CA_1,HOBBIES_1_288,Last Value,6.714285714285714,10.579630023236703,82.45614035087719
CA_1,HOBBIES_1_288,Seasonal Naive 28,8.142857142857142,12.84245192432393,100.0
CA_1,HOBBIES_1_288,28-Day Mean,6.85204081632653,10.406777618848366,84.14786967418544
CA_1,HOBBIES_1_288,Weekday Mean,6.785714285714286,10.06474575649366,83.33333333333334
CA_1,HOBBIES_1_289,Last Value,0.17857142857142858,0.5,100.0
CA_1,HOBBIES_1_289,Seasonal Naive 28,0.39285714285714285,0.823754471047914,220.00000000000003
CA_1,HOBBIES_1_289,28-Day Mean,0.3316326530612243,0.4683884660215715,185.71428571428564
CA_1,HOBBIES_1_289,Weekday Mean,0.33035714285714285,0.5324304112812704,185.0
CA_1,HOBBIES_1_290,Last Value,0.17857142857142858,0.5669467095138409,100.0
CA_1,HOBBIES_1_290,Seasonal Naive 28,0.6428571428571429,1.0350983390135313,360.0
CA_1,HOBBIES_1_290,28-Day Mean,0.5433673469387754,0.6092400753297137,304.2857142857142
CA_1,HOBBIES_1_290,Weekday Mean,0.5446428571428571,0.6846531968814576,305.0
CA_1,HOBBIES_1_292,Last Value,0.5,0.8864052604279183,100.0
CA_1,HOBBIES_1_292,Seasonal Naive 28,0.5357142857142857,0.8660254037844386,107.14285714285714
CA_1,HOBBIES_1_292,28-Day Mean,0.5918367346938777,0.7533936824903209,118.36734693877553
CA_1,HOBBIES_1_292,Weekday Mean,0.5803571428571429,0.763275366898661,116.07142857142858
CA_1,HOBBIES_1_293,Last Value,0.4642857142857143,0.7319250547113999,100.0
CA_1,HOBBIES_1_293,Seasonal Naive 28,0.5,0.7559289460184544,107.6923076923077
CA_1,HOBBIES_1_293,28-Day Mean,0.5,0.6050383695034791,107.6923076923077
CA_1,HOBBIES_1_293,Weekday Mean,0.42857142857142855,0.6160067253807264,92.3076923076923
CA_1,HOBBIES_1_294,Last Value,0.14285714285714285,0.3779644730092272,100.0
CA_1,HOBBIES_1_294,Seasonal Naive 28,0.21428571428571427,0.4629100498862757,150.0
CA_1,HOBBIES_1_294,28-Day Mean,0.2448979591836735,0.3499271061118826,171.42857142857144
CA_1,HOBBIES_1_294,Weekday Mean,0.25,0.3779644730092272,175.0
CA_1,HOBBIES_1_295,Last Value,4.321428571428571,6.811230222423637,66.85082872928176
CA_1,HOBBIES_1_295,Seasonal Naive 28,6.535714285714286,8.809491634432877,101.10497237569061
CA_1,HOBBIES_1_295,28-Day Mean,4.301020408163265,5.91219769905008,66.5351223362273
CA_1,HOBBIES_1_295,Weekday Mean,5.205357142857143,6.777391512542692,80.52486187845304
CA_1,HOBBIES_1_296,Last Value,0.5714285714285714,0.7559289460184544,114.28571428571428
CA_1,HOBBIES_1_296,Seasonal Naive 28,0.5714285714285714,1.0,114.28571428571428
CA_1,HOBBIES_1_296,28-Day Mean,0.5459183673469388,0.5846680551337464,109.18367346938776
CA_1,HOBBIES_1_296,Weekday Mean,0.45535714285714285,0.5767055450698265,91.07142857142857
CA_1,HOBBIES_1_297,Last Value,5.214285714285714,5.42481072744215,292.0
CA_1,HOBBIES_1_297,Seasonal Naive 28,1.9642857142857142,2.65249208966102,110.00000000000001
CA_1,HOBBIES_1_297,28-Day Mean,1.5178571428571428,1.780349082944931,85.0
CA_1,HOBBIES_1_297,Weekday Mean,1.4375,1.7665038110023183,80.5
CA_1,HOBBIES_1_298,Last Value,0.7857142857142857,1.0350983390135313,55.00000000000001
CA_1,HOBBIES_1_298,Seasonal Naive 28,1.2142857142857142,1.625686668105863,85.0
CA_1,HOBBIES_1_298,28-Day Mean,0.8265306122448978,0.9529760045804525,57.857142857142854
CA_1,HOBBIES_1_298,Weekday Mean,0.9910714285714286,1.1475906437899734,69.375
CA_1,HOBBIES_1_299,Last Value,0.2857142857142857,0.8864052604279183,100.0
CA_1,HOBBIES_1_299,Seasonal Naive 28,0.42857142857142855,1.0,150.0
CA_1,HOBBIES_1_299,28-Day Mean,0.38775510204081626,0.8511696634152132,135.7142857142857
CA_1,HOBBIES_1_299,Weekday Mean,0.4017857142857143,0.8976656233969147,140.625
CA_1,HOBBIES_1_300,Last Value,1.25,1.5236235005501102,100.0
CA_1,HOBBIES_1_300,Seasonal Naive 28,1.3571428571428572,1.8708286933869707,108.57142857142857
CA_1,HOBBIES_1_300,28-Day Mean,1.1964285714285714,1.417366773784602,95.71428571428572
CA_1,HOBBIES_1_300,Weekday Mean,1.0357142857142858,1.2808688457449497,82.85714285714286
CA_1,HOBBIES_1_301,Last Value,1.0,1.4638501094227998,100.0
CA_1,HOBBIES_1_301,Seasonal Naive 28,1.1071428571428572,1.6146649364939023,110.71428571428572
CA_1,HOBBIES_1_301,28-Day Mean,0.8239795918367346,1.083856493249537,82.39795918367346
CA_1,HOBBIES_1_301,Weekday Mean,0.8839285714285714,1.0752906583803283,88.39285714285714
CA_1,HOBBIES_1_302,Last Value,0.0,0.0,
CA_1,HOBBIES_1_302,Seasonal Naive 28,0.03571428571428571,0.1889822365046136,
CA_1,HOBBIES_1_302,28-Day Mean,0.03571428571428571,0.03571428571428572,
CA_1,HOBBIES_1_302,Weekday Mean,0.05357142857142857,0.08183170883849714,
CA_1,HOBBIES_1_303,Last Value,0.14285714285714285,0.7559289460184544,100.0
CA_1,HOBBIES_1_303,Seasonal Naive 28,0.14285714285714285,0.7559289460184544,100.0
CA_1,HOBBIES_1_303,28-Day Mean,0.14285714285714285,0.7559289460184544,100.0
CA_1,HOBBIES_1_303,Weekday Mean,0.14285714285714285,0.7559289460184544,100.0
CA_1,HOBBIES_1_304,Last Value,0.8571428571428571,0.9258200997725514,400.0
CA_1,HOBBIES_1_304,Seasonal Naive 28,0.39285714285714285,0.7319250547113999,183.33333333333331
CA_1,HOBBIES_1_304,28-Day Mean,0.3290816326530613,0.49099025303098287,153.57142857142858
CA_1,HOBBIES_1_304,Weekday Mean,0.30357142857142855,0.4629100498862757,141.66666666666669
CA_1,HOBBIES_1_305,Last Value,0.7142857142857143,0.8451542547285166,166.66666666666669
CA_1,HOBBIES_1_305,Seasonal Naive 28,0.4642857142857143,0.7319250547113999,108.33333333333333
CA_1,HOBBIES_1_305,28-Day Mean,0.4795918367346939,0.6710105081448547,111.90476190476191
CA_1,HOBBIES_1_305,Weekday Mean,0.48214285714285715,0.6681531047810609,112.5
CA_1,HOBBIES_1_306,Last Value,0.75,0.9819805060619657,161.53846153846155
CA_1,HOBBIES_1_306,Seasonal Naive 28,0.7857142857142857,1.1952286093343936,169.23076923076923
CA_1,HOBBIES_1_306,28-Day Mean,0.5969387755102041,0.8229799015573508,128.57142857142858
CA_1,HOBBIES_1_306,Weekday Mean,0.6339285714285714,0.962465212729419,136.53846153846155
CA_1,HOBBIES_1_307,Last Value,0.14285714285714285,0.3779644730092272,100.0
CA_1,HOBBIES_1_307,Seasonal Naive 28,0.21428571428571427,0.4629100498862757,150.0
CA_1,HOBBIES_1_307,28-Day Mean,0.24489795918367352,0.3499271061118826,171.42857142857147
CA_1,HOBBIES_1_307,Weekday Mean,0.23214285714285715,0.35038244411336755,162.5
CA_1,HOBBIES_1_308,Last Value,1.5357142857142858,1.6366341767699428,286.6666666666667
CA_1,HOBBIES_1_308,Seasonal Naive 28,0.6785714285714286,0.9063269671749657,126.66666666666666
CA_1,HOBBIES_1_308,28-Day Mean,0.6377551020408163,0.7525466966323384,119.04761904761905
CA_1,HOBBIES_1_308,Weekday Mean,0.625,0.7748847840623976,116.66666666666667
